Node,Degree Centrality,PageRank,Betweenness Centrality
EngineeringMaterial,0.007614,0.046497,0.006326
EngineeringAssembly,0.006345,0.04596,9.5e-05
Steel,0.840102,0.045055,0.306528
Asymmetric,0.704315,0.037931,0.195478
MediumVolume,0.435279,0.023684,0.06454
LightWeight,0.423858,0.023079,0.070295
Medium,0.397208,0.021668,0.036966
Moderate,0.360406,0.019719,0.030078
Sparse,0.354061,0.019383,0.028215
SmallVolume,0.333756,0.018308,0.036432
MediumWeight,0.321066,0.017635,0.030685
SimpleRotor,0.313452,0.017165,0.018896
Low,0.312183,0.017165,0.018446
simple_rotor,0.312183,0.017165,0.018446
medium_rotor,0.307107,0.016896,0.015824
MediumRotor,0.308376,0.016896,0.016214
Symmetric,0.242386,0.013469,0.025194
High,0.23731,0.0132,0.015563
Dense,0.232234,0.012931,0.014751
HeavyWeight,0.201777,0.011318,0.010835
LargeVolume,0.177665,0.010041,0.009185
high_complexity_rotor,0.159898,0.0091,0.006765
HighComplexityRotor,0.161168,0.0091,0.007036
EngineeringFeature,0.003807,0.005446,3.8e-05
symmetric_rotor,0.090102,0.005404,0.001275
SymmetricRotor,0.091371,0.005404,0.001386
complex_assembly,0.077411,0.004732,0.000818
ComplexAssembly,0.07868,0.004732,0.0009
OtherEngineeringMaterial,0.043147,0.00285,0.001664
TopologyFeature,0.005076,0.002246,5.7e-05
Aluminum,0.02665,0.001977,0.000709
Wood,0.022843,0.001775,0.000592
StructuralFeature,0.003807,0.001708,1.3e-05
PhysicalFeature,0.003807,0.001708,1.3e-05
Plastic,0.020305,0.001641,0.00034
20421_38b63ca5,0.010152,0.000633,0.000107
21718_1551037b,0.010152,0.000633,9e-05
20585_09b72895,0.010152,0.000633,0.000158
21828_21ab2114,0.010152,0.000633,0.000158
20511_e1b972aa,0.010152,0.000633,6.3e-05
22671_fdd1b1e6,0.010152,0.000633,0.000108
21139_cd619b26,0.010152,0.000633,9.7e-05
23184_731e5af0,0.010152,0.000633,9.1e-05
20990_0a226634,0.010152,0.000633,0.000195
20628_e0551f7c,0.010152,0.000633,9.7e-05
20586_cbec2689,0.010152,0.000633,0.000151
21423_196855d1,0.010152,0.000633,0.00014
20182_71b9e491,0.010152,0.000633,7.6e-05
22981_93f268ae,0.010152,0.000633,0.000106
20989_d1b8b0f8,0.010152,0.000633,9.7e-05
20451_557fe5cd,0.010152,0.000633,0.000144
22825_f4c18d65,0.010152,0.000633,0.00014
20533_0a3e112b,0.010152,0.000633,0.000127
22196_e5bf8c9d,0.010152,0.000633,0.000141
21165_5cb2d287,0.010152,0.000633,0.00014
23101_6aec02ee,0.010152,0.000633,0.000104
22670_9353c710,0.010152,0.000633,0.000107
22414_14ead4a3,0.010152,0.000633,0.000158
21081_72fa4ad1,0.010152,0.000633,0.000117
22141_5db99710,0.010152,0.000633,0.000158
21257_770fee9a,0.010152,0.000633,0.000111
23152_6f2706c9,0.010152,0.000633,0.000118
20838_86c931be,0.010152,0.000633,0.000112
21790_aaf9224a,0.010152,0.000633,9.4e-05
23309_76dcf100,0.010152,0.000633,0.000125
20260_4a01a99d,0.010152,0.000633,0.000143
22472_f65d3470,0.010152,0.000633,9.1e-05
22154_24342da4,0.010152,0.000633,0.000111
22980_3cb3bcc8,0.010152,0.000633,6.3e-05
20421_83f66ddc,0.010152,0.000633,0.000149
21600_0027c6fc,0.010152,0.000633,8.8e-05
20478_c02790cb,0.010152,0.000633,9.1e-05
20477_633cca4f,0.010152,0.000633,0.000116
20225_4ce6d59b,0.010152,0.000633,0.000136
20797_78b83489,0.010152,0.000633,9.4e-05
23376_9b48819a,0.010152,0.000633,0.000158
22534_e899f645,0.010152,0.000633,6.3e-05
22079_31335df2,0.010152,0.000633,8.9e-05
22306_c3dca308,0.010152,0.000633,8.1e-05
23313_210c6783,0.010152,0.000633,6.3e-05
20817_ef63b1a7,0.010152,0.000633,0.000122
21337_062b39fa,0.010152,0.000633,0.000158
20860_b8e9a191,0.010152,0.000633,9.7e-05
22059_b7d76712,0.010152,0.000633,9.4e-05
21990_7bb6efcf,0.010152,0.000633,0.000111
22357_e2f7b060,0.010152,0.000633,9e-05
23021_047d1f8a,0.010152,0.000633,0.00014
20812_462bd352,0.010152,0.000633,9.5e-05
21119_4f5c95a6,0.010152,0.000633,0.000108
21174_861bd902,0.010152,0.000633,0.000117
22057_4947db57,0.010152,0.000633,0.000152
20858_15bdad00,0.010152,0.000633,9.4e-05
20384_767d849a,0.010152,0.000633,0.000111
22197_94c66357,0.010152,0.000633,0.000141
21610_5dcf1187,0.010152,0.000633,9.1e-05
22080_594bcb66,0.010152,0.000633,0.000203
21450_ea24ffcc,0.010152,0.000633,0.000158
20799_213bf924,0.010152,0.000633,0.000104
20504_c9e14c9d,0.010152,0.000633,0.000122
21533_8837772a,0.010152,0.000633,0.000129
20436_41b730a3,0.010152,0.000633,0.000108
20229_d1ae2ae3,0.010152,0.000633,9.7e-05
21244_d67bbabc,0.010152,0.000633,0.000111
23318_65e3a7c9,0.010152,0.000633,0.000141
21739_57582b8f,0.010152,0.000633,0.00013
21008_a3fec63b,0.010152,0.000633,7.6e-05
22064_e1ba20dd,0.010152,0.000633,9.1e-05
20609_69f28932,0.010152,0.000633,0.000161
20285_b64b1a7e,0.010152,0.000633,0.000118
21741_c6faf98e,0.010152,0.000633,0.000111
21377_19909a40,0.010152,0.000633,9.7e-05
23174_8ef93daf,0.010152,0.000633,6.3e-05
22448_1f21757a,0.010152,0.000633,6.3e-05
21621_711e1918,0.010152,0.000633,6.3e-05
22261_6efe61e3,0.010152,0.000633,0.000106
20495_e8e7e80c,0.010152,0.000633,9.1e-05
23282_a1b17daa,0.010152,0.000633,9e-05
22078_1758e9fc,0.010152,0.000633,0.000122
21744_5ae4d9d5,0.010152,0.000633,0.00013
22812_cf865ed1,0.010152,0.000633,0.000158
21566_ff590631,0.010152,0.000633,9.7e-05
21069_508a9947,0.010152,0.000633,9e-05
23467_9f431540,0.010152,0.000633,0.000125
22434_2ad62ed6,0.010152,0.000633,0.00016
22236_db209dff,0.010152,0.000633,0.000104
20951_2918f2fa,0.010152,0.000633,0.000108
21186_d1698d8c,0.010152,0.000633,0.000151
20959_d4905d19,0.010152,0.000633,0.000125
22589_2c8f7c0b,0.010152,0.000633,0.000108
22764_b884dce6,0.010152,0.000633,0.000153
23322_8f85d82d,0.010152,0.000633,6.3e-05
22067_624b28e3,0.010152,0.000633,0.000108
21005_9feee615,0.010152,0.000633,0.000137
23250_aa321310,0.010152,0.000633,0.000112
23155_d7305c5f,0.010152,0.000633,0.000104
22749_346e10ae,0.010152,0.000633,0.000108
20818_098cad7c,0.010152,0.000633,0.000117
7780_6c885e81,0.010152,0.000633,0.000158
21581_8f948e0b,0.010152,0.000633,9.1e-05
20186_f66e4ad3,0.010152,0.000633,0.000108
23235_f9ccb8b0,0.010152,0.000633,9e-05
22073_951645ae,0.010152,0.000633,0.000108
21528_a5d5490f,0.010152,0.000633,9.7e-05
23466_1cf60d09,0.010152,0.000633,9.7e-05
21467_67965037,0.010152,0.000633,0.000136
20165_2b088be5,0.010152,0.000633,0.000127
22581_406c16c4,0.010152,0.000633,9e-05
21781_5985da6d,0.010152,0.000633,0.000108
21267_35a558cc,0.010152,0.000633,0.000108
21849_a5f563a6,0.010152,0.000633,0.000117
20722_90d46353,0.010152,0.000633,9.4e-05
21613_d57e983a,0.010152,0.000633,9.1e-05
22251_88fd728c,0.010152,0.000633,9.4e-05
22313_3a8b93dc,0.010152,0.000633,9.4e-05
19518_f220b68a,0.010152,0.000633,9.8e-05
21859_35124f79,0.010152,0.000633,0.000111
22421_19401bdd,0.010152,0.000633,0.000125
22787_49022c32,0.010152,0.000633,9e-05
23103_66470b7e,0.010152,0.000633,0.000108
20505_017d4cc4,0.010152,0.000633,9.7e-05
23044_9a964a68,0.010152,0.000633,6.3e-05
20682_e208cc63,0.010152,0.000633,0.00016
21976_807c9b26,0.010152,0.000633,9.1e-05
21865_c190b734,0.010152,0.000633,0.00014
20426_79358492,0.010152,0.000633,0.000108
22076_20e8a107,0.010152,0.000633,0.000127
23217_7c6062e3,0.010152,0.000633,0.000117
23408_e5fd25ba,0.010152,0.000633,9.1e-05
22443_fa24c6f9,0.010152,0.000633,9.4e-05
21706_adfb2ece,0.010152,0.000633,6.3e-05
23265_07de6a0b,0.010152,0.000633,0.000108
21745_56cbe841,0.010152,0.000633,7.6e-05
20466_4b3e5186,0.010152,0.000633,0.000108
21695_1f33863f,0.010152,0.000633,0.000118
23213_3df3cb34,0.010152,0.000633,6.3e-05
22341_0f9c52ed,0.010152,0.000633,6.3e-05
20544_43691724,0.010152,0.000633,0.000127
22417_4a15d62e,0.010152,0.000633,0.000125
21989_a0b5037d,0.010152,0.000633,9.4e-05
22027_11a2e852,0.010152,0.000633,0.000118
21184_971559b6,0.010152,0.000633,0.000108
20547_ec8cfd0d,0.010152,0.000633,0.000108
20479_77930584,0.010152,0.000633,9.1e-05
23409_e27e3b8b,0.010152,0.000633,6.4e-05
20741_c337946f,0.010152,0.000633,0.000108
20237_06b27bf5,0.010152,0.000633,0.000158
20431_0088a0dd,0.010152,0.000633,7.6e-05
20672_0bc07cce,0.010152,0.000633,9.1e-05
22075_12b129d5,0.010152,0.000633,0.000108
21616_c6c3347a,0.010152,0.000633,9.1e-05
22576_d05619d1,0.010152,0.000633,0.000117
20946_6573271d,0.010152,0.000633,0.000111
22483_f4e4b62a,0.010152,0.000633,9e-05
20467_f1fcc009,0.010152,0.000633,0.000108
20279_aed6b3b3,0.010152,0.000633,0.000117
22058_71feafda,0.010152,0.000633,0.000108
23413_6702ec7f,0.010152,0.000633,7.6e-05
21093_1bda9bbe,0.010152,0.000633,0.000127
21685_93737a7a,0.010152,0.000633,0.0001
23354_8182b4eb,0.010152,0.000633,0.000122
23127_38d73061,0.010152,0.000633,0.000161
20989_a261efa3,0.010152,0.000633,0.000111
22762_dcbdd14d,0.010152,0.000633,0.00016
21722_68aeba65,0.010152,0.000633,8.1e-05
22133_465d7a91,0.010152,0.000633,9.1e-05
21592_c5e77a82,0.010152,0.000633,9.4e-05
21511_d07c59c2,0.010152,0.000633,0.000125
21994_357aac6f,0.010152,0.000633,9.1e-05
20671_33532794,0.010152,0.000633,0.000133
20697_d3e106b4,0.010152,0.000633,0.000125
20241_ccb70dc8,0.010152,0.000633,9.1e-05
21557_53eafe15,0.010152,0.000633,9e-05
7778_3a9748b3,0.010152,0.000633,9e-05
20488_589ac9c0,0.010152,0.000633,0.00014
23374_57cca189,0.010152,0.000633,0.000107
22129_48b47c52,0.010152,0.000633,0.000111
20176_a02bde39,0.010152,0.000633,0.000128
19596_fb9531a5,0.010152,0.000633,0.000104
20438_5f344b00,0.010152,0.000633,0.000107
23419_ea47995f,0.010152,0.000633,0.000106
22035_101c7ab4,0.010152,0.000633,7.6e-05
22893_eb8aa8ac,0.010152,0.000633,0.000125
21840_6847d36c,0.010152,0.000633,0.000158
22066_308cdcfe,0.010152,0.000633,6.3e-05
21384_b9774b93,0.010152,0.000633,0.000104
21785_d595ced5,0.010152,0.000633,0.00015
21175_85118898,0.010152,0.000633,9.7e-05
20163_3742f394,0.010152,0.000633,6.3e-05
22002_315afcfc,0.010152,0.000633,6.3e-05
22162_439af02a,0.010152,0.000633,9.7e-05
21656_964b0c84,0.010152,0.000633,0.000127
23369_447545f6,0.010152,0.000633,0.000108
20141_b9376856,0.010152,0.000633,6.3e-05
23103_43bde2a6,0.010152,0.000633,0.000111
20239_49b65a55,0.010152,0.000633,9.7e-05
23034_b38134ee,0.010152,0.000633,8.7e-05
21424_9d516e3a,0.010152,0.000633,6.3e-05
21551_c6c2d516,0.010152,0.000633,0.000158
20940_9777847c,0.010152,0.000633,0.000138
23451_14c8d09e,0.010152,0.000633,9.4e-05
21037_62248d34,0.010152,0.000633,0.00016
21817_945cd3c9,0.010152,0.000633,9.4e-05
23283_fadf3820,0.010152,0.000633,9.4e-05
23323_075a079e,0.010152,0.000633,8.7e-05
23172_4ab01e83,0.010152,0.000633,9.7e-05
21612_e2981dae,0.010152,0.000633,9.1e-05
21991_ab98f156,0.010152,0.000633,0.000149
23363_60e39812,0.010152,0.000633,9.4e-05
21539_cfe1f7fd,0.010152,0.000633,9.4e-05
21697_06656699,0.010152,0.000633,0.000104
20412_42170125,0.010152,0.000633,0.000108
21845_dff8b3a1,0.010152,0.000633,0.000125
23083_fdb942ac,0.010152,0.000633,0.000125
22050_e8702dd4,0.010152,0.000633,0.000145
21495_ebbbd369,0.010152,0.000633,0.000108
22140_9cda24cc,0.010152,0.000633,0.000111
23035_6087bb57,0.010152,0.000633,6.3e-05
21836_5bc91e49,0.010152,0.000633,0.000158
21626_b34008e6,0.010152,0.000633,6.3e-05
21797_69df08d5,0.010152,0.000633,0.000164
21862_ec534e16,0.010152,0.000633,0.000111
21451_fea6f0d1,0.010152,0.000633,0.000108
20431_27e7f151,0.010152,0.000633,0.000121
23493_57512264,0.010152,0.000633,9.7e-05
23170_6ea8ded5,0.010152,0.000633,0.000158
22747_3f6faf4c,0.010152,0.000633,9.1e-05
20925_dc64a33a,0.010152,0.000633,9.7e-05
21603_98a15295,0.010152,0.000633,0.000147
23417_9a9e9937,0.010152,0.000633,6.3e-05
21762_90d34d16,0.010152,0.000633,0.000158
22612_28fe0ac2,0.010152,0.000633,6.3e-05
22535_0ba01cc9,0.010152,0.000633,9e-05
22047_5a090f16,0.010152,0.000633,0.000107
22227_aca28ff2,0.010152,0.000633,9.1e-05
22902_83870421,0.010152,0.000633,0.000108
21665_2e14b6ff,0.010152,0.000633,0.000104
20813_726b2714,0.010152,0.000633,9.1e-05
20429_4c909f3f,0.010152,0.000633,0.000108
23373_f5dac851,0.010152,0.000633,6.3e-05
21794_4d137e7d,0.010152,0.000633,9.7e-05
22065_0d414124,0.010152,0.000633,0.000106
22224_1e749c32,0.010152,0.000633,0.000118
20952_b8a54213,0.010152,0.000633,0.000111
21715_53df62c9,0.010152,0.000633,9.9e-05
21490_d07ff9f8,0.010152,0.000633,0.000158
23041_8d3ea25c,0.010152,0.000633,9.7e-05
22241_535ad84b,0.010152,0.000633,0.000111
23022_86e6a8a0,0.010152,0.000633,0.000108
23053_139f2009,0.010152,0.000633,0.000127
23037_d0df320c,0.010152,0.000633,0.00016
22416_4cd31921,0.010152,0.000633,0.000125
21391_78fc6345,0.010152,0.000633,0.000108
21134_7aa7cd89,0.010152,0.000633,0.000117
22826_199df203,0.010152,0.000633,6.3e-05
21541_abc67be6,0.010152,0.000633,7.6e-05
21028_d4d30a2e,0.010152,0.000633,0.000134
21858_f1409ea2,0.010152,0.000633,6.3e-05
22283_36ba29c9,0.010152,0.000633,0.000111
20620_8a5226b4,0.010152,0.000633,0.000117
20329_414757bb,0.010152,0.000633,6.3e-05
22377_d490f505,0.010152,0.000633,9.1e-05
22492_047b125b,0.010152,0.000633,8.9e-05
22402_a62e84b4,0.010152,0.000633,0.000149
20287_072b5bf6,0.010152,0.000633,0.000176
20810_f6674f2d,0.010152,0.000633,0.000108
22049_4da0d894,0.010152,0.000633,0.000152
20758_cdccf572,0.010152,0.000633,0.000111
22681_124bf3a9,0.010152,0.000633,0.000122
21690_5d1f3475,0.010152,0.000633,0.000108
20546_87dbd755,0.010152,0.000633,0.000106
22092_897b0ffa,0.010152,0.000633,9.7e-05
20991_6795af4f,0.010152,0.000633,0.000152
23049_207a41f0,0.010152,0.000633,6.4e-05
22533_e7298b05,0.010152,0.000633,9e-05
22638_37f9fe91,0.010152,0.000633,0.000152
21617_ddd3657b,0.010152,0.000633,9.1e-05
22345_bc482c26,0.010152,0.000633,9.4e-05
21049_f644930a,0.010152,0.000633,6.4e-05
22732_cd2af0ac,0.010152,0.000633,0.000152
23120_f7c9092f,0.010152,0.000633,9.4e-05
20910_c64b5d1b,0.010152,0.000633,0.000112
21453_679a343c,0.010152,0.000633,0.00014
23158_c7e753c2,0.010152,0.000633,9.5e-05
21856_f84d9348,0.010152,0.000633,9.4e-05
20469_b6211bfd,0.010152,0.000633,9.1e-05
22126_e1cca10f,0.010152,0.000633,6.3e-05
20908_10574fbf,0.010152,0.000633,0.000108
23096_7da0f913,0.010152,0.000633,0.000122
22072_5163223a,0.010152,0.000633,9.4e-05
23438_b1ef78f4,0.010152,0.000633,0.000199
16550_e88d6986,0.010152,0.000633,0.000108
22678_ff42f120,0.010152,0.000633,0.000161
23194_b675acc0,0.010152,0.000633,0.000112
20406_dacb0300,0.010152,0.000633,9.1e-05
22228_1c82530b,0.010152,0.000633,9.7e-05
23199_75dc1efd,0.010152,0.000633,0.00014
23310_7daded69,0.010152,0.000633,0.000101
21923_41fa6eda,0.010152,0.000633,6.4e-05
20788_d25efea2,0.010152,0.000633,6.3e-05
20340_86125547,0.010152,0.000633,0.000151
20779_fc5a7c3d,0.010152,0.000633,7.6e-05
22383_e5f707a7,0.010152,0.000633,6.3e-05
21531_79015e13,0.010152,0.000633,9.4e-05
20322_daa5c577,0.010152,0.000633,7.6e-05
20737_5249e274,0.010152,0.000633,0.000104
23329_6939d5d9,0.010152,0.000633,0.000125
21884_cc2c39f9,0.010152,0.000633,0.000122
20231_f54462bb,0.010152,0.000633,9.1e-05
20322_5a8c6077,0.010152,0.000633,7.6e-05
22528_f3370a64,0.010152,0.000633,0.000127
22168_a84560a9,0.010152,0.000633,0.000117
21513_50fb4d62,0.010152,0.000633,6.3e-05
22043_041e1b7c,0.010152,0.000633,9.1e-05
21224_18ba4aba,0.010152,0.000633,9.7e-05
20246_40be7668,0.010152,0.000633,0.000126
22837_7644c972,0.010152,0.000633,9.1e-05
22843_ff77027f,0.010152,0.000633,0.000108
23244_34b5f55e,0.010152,0.000633,0.00014
21986_67c5509a,0.010152,0.000633,0.000126
21282_b2d83538,0.010152,0.000633,9.4e-05
23176_1bf2a2d5,0.010152,0.000633,6.3e-05
23341_d5ead6d2,0.010152,0.000633,0.000108
21503_34f299ca,0.010152,0.000633,9.4e-05
21958_e48ddf4e,0.010152,0.000633,0.00016
21358_a69a36f3,0.010152,0.000633,6.3e-05
21926_b4c7068b,0.010152,0.000633,0.000127
22461_0ba0e480,0.010152,0.000633,7.6e-05
22746_920025a0,0.010152,0.000633,9.7e-05
20429_9dd95c38,0.010152,0.000633,0.000111
20806_ca60b7ae,0.010152,0.000633,0.000104
23178_eb4b4280,0.010152,0.000633,0.000161
21478_8fbd4409,0.010152,0.000633,0.000158
23511_8651ac1f,0.010152,0.000633,0.000117
22372_e91792a1,0.010152,0.000633,9.4e-05
21634_e5e20375,0.010152,0.000633,0.000133
22430_c6f08b03,0.010152,0.000633,0.000107
23305_2662b29a,0.010152,0.000633,9.4e-05
20701_6dcbc975,0.010152,0.000633,0.000127
23163_7b143a6f,0.010152,0.000633,0.000108
20970_d20c6c35,0.010152,0.000633,0.000164
23218_02d26ab4,0.010152,0.000633,0.00014
22987_37973191,0.010152,0.000633,9.4e-05
22147_12995368,0.010152,0.000633,0.000104
21552_4e9c19b1,0.010152,0.000633,9.4e-05
21582_a3d32115,0.010152,0.000633,9e-05
21911_429c1a72,0.010152,0.000633,0.000108
20657_913a7675,0.010152,0.000633,9.4e-05
21271_ec7f62b8,0.010152,0.000633,0.000158
23164_659c91ef,0.010152,0.000633,9.1e-05
21615_f2ecc6e8,0.010152,0.000633,9.7e-05
21918_976c2754,0.010152,0.000633,0.000127
21924_bbd9f7a9,0.010152,0.000633,0.000101
20451_84d8b290,0.010152,0.000633,0.000144
22085_e039a7d3,0.010152,0.000633,6.3e-05
22983_0ab3faaf,0.010152,0.000633,0.000158
20947_115d4058,0.010152,0.000633,0.000112
23045_a8c4e4bc,0.010152,0.000633,6.3e-05
20259_de1ab632,0.010152,0.000633,9.1e-05
22367_b4a67e61,0.010152,0.000633,0.000104
20849_9821b6fe,0.010152,0.000633,9.7e-05
22469_9d87f800,0.010152,0.000633,9.4e-05
23435_e1c96b4d,0.010152,0.000633,0.000108
23043_c0827516,0.010152,0.000633,6.3e-05
23154_7c74d190,0.010152,0.000633,0.000104
20387_0d507234,0.010152,0.000633,9.4e-05
22862_f5406bb0,0.010152,0.000633,9.1e-05
22890_4ecfa491,0.010152,0.000633,0.000127
21625_d5d4c9a7,0.010152,0.000633,0.000118
22216_4b032400,0.010152,0.000633,0.000158
21564_fa5b2db7,0.010152,0.000633,0.000111
21035_d308c5c4,0.010152,0.000633,9.4e-05
20755_4b5e61bf,0.010152,0.000633,7.6e-05
22419_dfeb5d33,0.010152,0.000633,0.000125
22046_fe3bae6e,0.010152,0.000633,9.7e-05
22378_234fea2c,0.010152,0.000633,0.000108
22659_0e686e14,0.010152,0.000633,0.000158
22304_33009be6,0.010152,0.000633,0.000111
20765_99d0665e,0.010152,0.000633,0.000149
23422_f214bd4d,0.010152,0.000633,0.000111
23343_f000bdae,0.010152,0.000633,0.000108
23161_e7f63a9f,0.010152,0.000633,0.000145
22011_0832eefe,0.010152,0.000633,6.3e-05
22214_b098105d,0.010152,0.000633,9.1e-05
23204_ff1672a9,0.010152,0.000633,9e-05
22891_b8c84495,0.010152,0.000633,0.000108
21529_93e51dd9,0.010152,0.000633,9.7e-05
20429_419c4cdd,0.010152,0.000633,0.000111
20241_8c0d3f83,0.010152,0.000633,9.1e-05
20440_27177360,0.010152,0.000633,0.000115
20554_abcb705e,0.010152,0.000633,6.3e-05
22135_2aa77ff2,0.010152,0.000633,0.000108
21204_96d26a7f,0.010152,0.000633,0.000104
22259_613f9d44,0.010152,0.000633,0.000158
20520_7e357152,0.010152,0.000633,0.000112
21390_4d1e2d9c,0.010152,0.000633,9.7e-05
22053_de30641b,0.010152,0.000633,9.1e-05
20293_a1999339,0.010152,0.000633,0.000127
21779_b99623fc,0.010152,0.000633,9.7e-05
22180_ce7c3bd8,0.010152,0.000633,9.1e-05
20421_49bd1188,0.010152,0.000633,0.000107
20530_2246503a,0.010152,0.000633,7.6e-05
20815_b3d9e6c9,0.010152,0.000633,8.7e-05
21809_8bd6b10e,0.010152,0.000633,0.000143
22210_649a5363,0.010152,0.000633,9.1e-05
23195_2629864e,0.010152,0.000633,0.000111
22827_f33929ec,0.010152,0.000633,0.000127
20745_3e22ad07,0.010152,0.000633,0.000104
20212_5d1f2de1,0.010152,0.000633,0.000108
21496_f4025ad5,0.010152,0.000633,9.4e-05
21550_0b16151d,0.010152,0.000633,9.7e-05
23209_1592b0a4,0.010152,0.000633,0.00014
22498_b8bdb105,0.010152,0.000633,0.00015
23380_abffc859,0.010152,0.000633,6.3e-05
20389_c835706f,0.010152,0.000633,8.2e-05
21429_6d2d3974,0.010152,0.000633,9.4e-05
21843_effbd24d,0.010152,0.000633,0.000125
23439_18900af2,0.010152,0.000633,9.1e-05
21737_87d83240,0.010152,0.000633,8.7e-05
20802_802b7d69,0.010152,0.000633,9.7e-05
20392_8b23d193,0.010152,0.000633,0.000108
22178_976d2411,0.010152,0.000633,0.000108
22907_ff18dbd5,0.010152,0.000633,0.000108
21647_6b6cca6f,0.010152,0.000633,9.3e-05
20342_c140780b,0.010152,0.000633,0.000108
21982_bdafa78d,0.010152,0.000633,0.000161
20232_e5b060d9,0.010152,0.000633,0.000108
22852_dc1dbed6,0.010152,0.000633,9.4e-05
22666_bdaa1303,0.010152,0.000633,9.7e-05
21977_ce9f4e71,0.010152,0.000633,0.000125
22404_66db7dd7,0.010152,0.000633,0.000126
22374_aa5bb54d,0.010152,0.000633,0.000108
20801_0796e2ee,0.010152,0.000633,9.7e-05
22710_77324fc2,0.010152,0.000633,6.4e-05
22045_ead71aca,0.010152,0.000633,6.4e-05
23339_87a4d11f,0.010152,0.000633,0.00014
22095_af226cbc,0.010152,0.000633,0.00016
23442_28996649,0.010152,0.000633,0.000108
23028_2ca87745,0.010152,0.000633,9.7e-05
21573_31a18ad0,0.010152,0.000633,9.1e-05
20592_573e41b2,0.010152,0.000633,9.4e-05
22899_5b97e4f5,0.010152,0.000633,0.000108
22062_2d6b3b72,0.010152,0.000633,8.7e-05
21590_7d092186,0.010152,0.000633,6.3e-05
22577_cd96733e,0.010152,0.000633,9.7e-05
21912_3f74887c,0.010152,0.000633,9.7e-05
21816_3891a442,0.010152,0.000633,6.3e-05
20245_f1b25d43,0.010152,0.000633,0.000104
22617_a286f13c,0.010152,0.000633,9.4e-05
23233_ac09e2e5,0.010152,0.000633,0.000104
21469_abec26c4,0.010152,0.000633,0.000108
22413_901f5867,0.010152,0.000633,9e-05
22061_b50b6b66,0.010152,0.000633,8.7e-05
23475_b14d1dc8,0.010152,0.000633,6.3e-05
20787_ed64ff5e,0.010152,0.000633,0.000111
20746_57a7b346,0.010152,0.000633,0.000127
23219_40625e2c,0.010152,0.000633,0.00014
22311_553b3456,0.010152,0.000633,0.00016
22017_6d3be48d,0.010152,0.000633,9.4e-05
21091_bbf490e7,0.010152,0.000633,6.3e-05
23480_3f7a8d50,0.010152,0.000633,9.4e-05
20814_5a2be0fb,0.010152,0.000633,0.000106
22654_4c426b0f,0.010152,0.000633,0.000158
21594_428d32af,0.010152,0.000633,9.4e-05
22270_c6999138,0.010152,0.000633,9.1e-05
21062_c4ed6d45,0.010152,0.000633,0.00014
20376_eefa9511,0.010152,0.000633,0.000108
22399_97987ada,0.010152,0.000633,0.000164
20870_dedaef5b,0.010152,0.000633,0.000158
22211_b1ee53f0,0.010152,0.000633,8.1e-05
21810_718ae2fe,0.010152,0.000633,0.000104
20215_e2eb3082,0.010152,0.000633,9.7e-05
22561_067b78ae,0.010152,0.000633,0.000136
21421_fb12b69b,0.010152,0.000633,9e-05
22082_39503fa6,0.010152,0.000633,6.3e-05
23308_245d257c,0.010152,0.000633,9.7e-05
22844_9b75b8e0,0.010152,0.000633,0.000108
20408_b4fda9eb,0.010152,0.000633,9.7e-05
21326_ab4d6c43,0.010152,0.000633,0.000108
23211_3aac9c7e,0.010152,0.000633,0.00014
20807_88c198d5,0.010152,0.000633,0.000104
20676_9715ec9c,0.010152,0.000633,0.000141
20220_3de82b2a,0.010152,0.000633,0.00014
22776_facf9bcf,0.010152,0.000633,6.3e-05
21837_b67d788c,0.010152,0.000633,9.7e-05
20668_b2f2633e,0.010152,0.000633,0.000158
21459_a9de5e5b,0.010152,0.000633,0.000108
21386_e234c6b6,0.010152,0.000633,0.00016
22474_b10fea1a,0.010152,0.000633,6.3e-05
19051_26735260,0.010152,0.000633,0.000127
22218_2f85f6ae,0.010152,0.000633,8.7e-05
20351_dc6e4e1e,0.010152,0.000633,9e-05
22021_520ec8c3,0.010152,0.000633,7.6e-05
22026_62afa265,0.010152,0.000633,0.00014
Composite,0.001269,0.000633,0.0
EdgeCount,0.001269,0.000633,0.0
FaceCount,0.001269,0.000633,0.0
GeometricComplexity,0.001269,0.000633,0.0
Mass,0.001269,0.000633,0.0
Volume,0.001269,0.000633,0.0
ComponentCount,0.001269,0.000633,0.0
RotationalSymmetry,0.001269,0.000633,0.0
21448_5646a1b6,0.010152,0.000633,0.000111
22312_3f366a4a,0.010152,0.000633,0.00016
20756_75f43564,0.010152,0.000633,0.000108
21708_e61bd657,0.010152,0.000633,0.000111
23311_ad36a9ec,0.010152,0.000633,9.1e-05
22680_1f4026f6,0.010152,0.000633,6.3e-05
21265_7329c813,0.010152,0.000633,9.7e-05
22832_731d3b9f,0.010152,0.000633,7.6e-05
23476_705b76d1,0.010152,0.000633,6.3e-05
22131_6b4b60f8,0.010152,0.000633,9.1e-05
20994_9c88b1ba,0.010152,0.000633,0.000108
20332_0c2a24aa,0.010152,0.000633,0.000108
21825_ce32b0a0,0.010152,0.000633,0.000111
22895_4533b542,0.010152,0.000633,0.000108
21047_60d69af3,0.010152,0.000633,0.000108
22197_66c5655e,0.010152,0.000633,0.000134
21352_c1101acb,0.010152,0.000633,0.000117
22376_3ebc82a2,0.010152,0.000633,6.3e-05
20502_58b65de9,0.010152,0.000633,0.00016
21153_a2fb81fe,0.010152,0.000633,0.000149
20409_dafedec6,0.010152,0.000633,0.000112
21492_8bd34fc1,0.010152,0.000633,8.1e-05
20622_38dd90d0,0.010152,0.000633,0.000127
22428_c1ffa51a,0.010152,0.000633,0.000117
23215_08a54de0,0.010152,0.000633,0.00014
23366_cc0bc28e,0.010152,0.000633,9.9e-05
20680_b095cb77,0.010152,0.000633,0.000157
23130_7417d5b3,0.010152,0.000633,0.000149
22193_c8773ded,0.010152,0.000633,0.000127
20735_fb18051a,0.010152,0.000633,6.3e-05
20989_885bd9b9,0.010152,0.000633,0.000111
20927_826f4b56,0.010152,0.000633,0.000108
21719_d60b8a4a,0.010152,0.000633,9.7e-05
21776_fb0bfbc6,0.010152,0.000633,0.000108
23372_4cb88567,0.010152,0.000633,9.4e-05
20789_1809f41f,0.010152,0.000633,0.000119
21164_de08f61e,0.010152,0.000633,8.2e-05
23252_ef165bed,0.010152,0.000633,9.7e-05
21176_b5c72bfb,0.010152,0.000633,0.000164
22136_a539c50b,0.010152,0.000633,0.000111
20414_a33bd0d7,0.010152,0.000633,8.7e-05
22196_0deb2e34,0.010152,0.000633,0.000141
23273_8f301ce3,0.010152,0.000633,8.1e-05
21063_037107dc,0.010152,0.000633,0.000158
23351_6104d55d,0.010152,0.000633,9.1e-05
21236_b696e901,0.010152,0.000633,9e-05
23321_c9497b79,0.010152,0.000633,9.1e-05
21351_675c66b1,0.010152,0.000633,0.000111
20675_66ac9773,0.010152,0.000633,0.000117
23238_3c864758,0.010152,0.000633,8.8e-05
20193_2da4f0a0,0.010152,0.000633,9.1e-05
23473_1dfa6e40,0.010152,0.000633,9.7e-05
21709_4dd88551,0.010152,0.000633,0.000104
20646_4cd14a72,0.010152,0.000633,0.000108
21588_0c48dc5f,0.010152,0.000633,9.1e-05
23377_690165aa,0.010152,0.000633,0.000125
23468_a0bfb573,0.010152,0.000633,0.000158
20468_1c33550a,0.010152,0.000633,9.7e-05
22040_6461a147,0.010152,0.000633,6.3e-05
22910_97f0cc18,0.010152,0.000633,0.000149
21425_d0d47a2a,0.010152,0.000633,0.000158
21092_32622a83,0.010152,0.000633,9.4e-05
20674_2fb6cabd,0.010152,0.000633,0.00014
22028_776fbf0d,0.010152,0.000633,8.1e-05
23036_7f9d143f,0.010152,0.000633,9.7e-05
20743_c8ea8159,0.010152,0.000633,6.3e-05
22668_9c30f6c0,0.010152,0.000633,9.1e-05
22266_078a1f68,0.010152,0.000633,0.000107
21882_795be793,0.010152,0.000633,9.1e-05
21601_360ce1c7,0.010152,0.000633,6.3e-05
23102_211ad1db,0.010152,0.000633,0.000158
23039_b3d04774,0.010152,0.000633,0.000106
22365_a4eb929c,0.010152,0.000633,0.000158
23132_1847c4ef,0.010152,0.000633,6.4e-05
19810_f77c5501,0.010152,0.000633,6.3e-05
20385_f2d30908,0.010152,0.000633,0.000129
22727_c514268a,0.010152,0.000633,0.000128
22278_12f1fb79,0.010152,0.000633,0.000125
21599_80057f94,0.010152,0.000633,0.000108
23226_8d1b5098,0.010152,0.000633,9e-05
21292_f94bd96b,0.010152,0.000633,0.000121
23502_5a80f907,0.010152,0.000633,9.7e-05
22257_6fb4c50c,0.010152,0.000633,9.1e-05
21248_0a862e3e,0.010152,0.000633,0.000158
20934_fe7fbd78,0.010152,0.000633,0.000108
23501_6c48b3c1,0.010152,0.000633,9.7e-05
21009_907a2a95,0.010152,0.000633,9.7e-05
21806_616e985a,0.010152,0.000633,9.1e-05
21352_d60bc953,0.010152,0.000633,0.000111
22886_a6331748,0.010152,0.000633,0.000158
22142_7891a26a,0.010152,0.000633,9.1e-05
22331_152ee5c0,0.010152,0.000633,0.000133
23128_cb135b1b,0.010152,0.000633,9.7e-05
22653_58d6287d,0.010152,0.000633,0.000108
23368_648717d8,0.010152,0.000633,7.6e-05
21024_9be3d461,0.010152,0.000633,0.000127
20926_4c0f33f6,0.010152,0.000633,0.000163
19566_19d85d3b,0.010152,0.000633,0.000143
22134_5e72e871,0.010152,0.000633,7.6e-05
22706_58a933f4,0.010152,0.000633,0.000164
20823_f144e996,0.010152,0.000633,6.3e-05
23406_1d36b046,0.010152,0.000633,9.1e-05
22717_08784417,0.010152,0.000633,0.000106
23414_f7d4a688,0.010152,0.000633,0.000123
21692_777db9e2,0.010152,0.000633,0.00016
20792_d2ea0500,0.010152,0.000633,0.00018
23144_88ca00a5,0.010152,0.000633,0.000111
23048_8a1a5553,0.010152,0.000633,0.000127
20278_d442e77d,0.010152,0.000633,9.4e-05
21365_ab403591,0.010152,0.000633,9.4e-05
20731_fbdc7731,0.010152,0.000633,0.000107
21015_10304cb9,0.010152,0.000633,0.000108
23210_f535bfd2,0.010152,0.000633,0.00014
22784_bcace961,0.010152,0.000633,6.3e-05
22630_b6010fff,0.010152,0.000633,6.3e-05
23002_4d53fb3f,0.010152,0.000633,0.000158
20291_42287610,0.010152,0.000633,9.1e-05
23245_ccd099b6,0.010152,0.000633,0.000153
21580_b8b2571b,0.010152,0.000633,0.000127
22014_5880c417,0.010152,0.000633,0.000108
21202_e452c491,0.010152,0.000633,9.7e-05
21630_316322ff,0.010152,0.000633,0.000108
22349_6f67a96e,0.010152,0.000633,0.000108
21316_69ed56f5,0.010152,0.000633,9.3e-05
20281_a29f9a18,0.010152,0.000633,9.7e-05
21243_3ec5d732,0.010152,0.000633,9.1e-05
21545_4384f96e,0.010152,0.000633,0.000111
23258_87a2ba81,0.010152,0.000633,0.000117
21839_a8eb6d34,0.010152,0.000633,0.000125
23123_f35404c4,0.010152,0.000633,0.000126
21848_0fff9631,0.010152,0.000633,9.1e-05
22245_ca848576,0.010152,0.000633,0.000158
21497_9833a679,0.010152,0.000633,0.000158
23259_d655fcc1,0.010152,0.000633,0.000158
23026_e6f08109,0.010152,0.000633,9.4e-05
20822_5bb36119,0.010152,0.000633,0.000111
22405_20f11d58,0.010152,0.000633,0.000149
20188_98b86c0f,0.010152,0.000633,0.00015
20349_a12428da,0.010152,0.000633,9.4e-05
21244_24c3ce72,0.010152,0.000633,0.000111
21274_2fb8c3f5,0.010152,0.000633,0.000108
20898_5f5b9bc7,0.010152,0.000633,0.00014
22440_014f1bac,0.010152,0.000633,6.3e-05
22199_8ec9eeb2,0.010152,0.000633,6.3e-05
22729_232da678,0.010152,0.000633,6.3e-05
20636_ca9eb29a,0.010152,0.000633,0.000127
21611_1d3ff1b6,0.010152,0.000633,9.1e-05
22125_e3a4cad4,0.010152,0.000633,9.3e-05
21979_29f59427,0.010152,0.000633,0.000151
21048_75cc125c,0.010152,0.000633,0.000122
21831_54ca67d1,0.010152,0.000633,0.000158
22586_ff3651b2,0.010152,0.000633,9.7e-05
21422_b2a6bf27,0.010152,0.000633,0.000112
22442_7d5c5d5f,0.010152,0.000633,0.000127
21805_2ba39d00,0.010152,0.000633,0.000104
21300_ec7da33e,0.010152,0.000633,0.000125
22843_cb38a007,0.010152,0.000633,0.000108
23378_8d6426ae,0.010152,0.000633,0.000125
23505_161e8ec5,0.010152,0.000633,9.4e-05
23239_ba13cf5e,0.010152,0.000633,9.1e-05
23251_3eb3d2e6,0.010152,0.000633,0.000127
21133_f9a1614e,0.010152,0.000633,0.000158
22081_ab3124af,0.010152,0.000633,0.000127
21275_c8049742,0.010152,0.000633,6.3e-05
21961_1a090a8b,0.010152,0.000633,0.00016
22056_79373464,0.010152,0.000633,0.000111
21121_1e9e7540,0.010152,0.000633,0.000125
22334_677d00e0,0.010152,0.000633,6.3e-05
21182_a480d230,0.010152,0.000633,0.000104
22418_2722dfe8,0.010152,0.000633,9.7e-05
21357_9edfc0a0,0.010152,0.000633,0.00014
21185_ac5324ba,0.010152,0.000633,8.7e-05
23156_7788f78a,0.010152,0.000633,0.000144
23162_7e2f3d77,0.010152,0.000633,9e-05
21838_5bc448b4,0.010152,0.000633,0.000125
20688_955aae0c,0.010152,0.000633,9.4e-05
20419_8ce893b6,0.010152,0.000633,0.000161
23331_192866b6,0.010152,0.000633,9.4e-05
22232_cb53774e,0.010152,0.000633,8.2e-05
21140_8d150c65,0.010152,0.000633,0.000108
22360_42cd6a21,0.010152,0.000633,0.000125
23379_636204a6,0.010152,0.000633,6.3e-05
20803_473c87ac,0.010152,0.000633,9.7e-05
22323_aa6edb8b,0.010152,0.000633,6.4e-05
22242_4ceddc2b,0.010152,0.000633,9.5e-05
23271_f833d903,0.010152,0.000633,9e-05
23121_cbdf3ebc,0.010152,0.000633,6.4e-05
21519_3e869afd,0.010152,0.000633,0.000127
23008_3d1bb7b2,0.010152,0.000633,6.3e-05
20500_e88d8065,0.010152,0.000633,0.000127
22155_ab18f2b6,0.010152,0.000633,0.000158
20430_975b8dcf,0.010152,0.000633,0.000127
20647_cea2e07c,0.010152,0.000633,0.000108
22894_5f7c276d,0.010152,0.000633,0.000125
23440_5956321f,0.010152,0.000633,0.000108
22508_6bb410af,0.010152,0.000633,0.000144
21549_18160a0a,0.010152,0.000633,9.7e-05
21941_1a683ec2,0.010152,0.000633,0.000138
22761_ca309655,0.010152,0.000633,0.000161
23221_42f37ae3,0.010152,0.000633,0.000158
23495_6366269c,0.010152,0.000633,0.000149
20643_71ad3d26,0.010152,0.000633,0.000125
22892_68138f24,0.010152,0.000633,0.000158
23168_7fdf5427,0.010152,0.000633,0.000101
21614_5d6afa62,0.010152,0.000633,9.1e-05
21974_1997ebc3,0.010152,0.000633,9.7e-05
22652_dc7405ef,0.010152,0.000633,0.000104
20341_6a1588fb,0.010152,0.000633,0.000129
21426_51651a10,0.010152,0.000633,0.00014
22298_51433023,0.010152,0.000633,9e-05
22491_a33562ad,0.010152,0.000633,8.9e-05
20421_0fd51709,0.010152,0.000633,0.000112
23136_2b469508,0.010152,0.000633,9.7e-05
20841_1620ae7d,0.010152,0.000633,0.000108
22839_113f2990,0.010152,0.000633,0.000108
20216_89b90993,0.010152,0.000633,0.000111
20157_db99ab88,0.010152,0.000633,0.000122
21329_1bfecd1d,0.010152,0.000633,0.000133
23403_e539620b,0.010152,0.000633,9.1e-05
22074_c0265b0d,0.010152,0.000633,8.7e-05
21281_6e562106,0.010152,0.000633,9.4e-05
21793_4ad5e2c0,0.010152,0.000633,0.000108
20319_9f53cd7c,0.010152,0.000633,9.4e-05
23387_c4aa9424,0.010152,0.000633,0.000108
21051_5d118b91,0.010152,0.000633,0.000108
21570_9cb1d1c4,0.010152,0.000633,0.000133
22900_09de4c7a,0.010152,0.000633,0.000158
21619_19435db0,0.010152,0.000633,9.1e-05
20804_0dcacc66,0.010152,0.000633,9.1e-05
21353_4686c90c,0.010152,0.000633,9.1e-05
23236_d5867507,0.010152,0.000633,0.00014
22070_fd1b8e5e,0.010152,0.000633,0.000125
20899_a8d7c6d5,0.010152,0.000633,6.4e-05
22415_658c81dd,0.010152,0.000633,0.000106
20551_ff28a959,0.010152,0.000633,0.000144
23434_6635ed57,0.010152,0.000633,6.3e-05
23320_e0711ae9,0.010152,0.000633,0.00016
20892_b1f89c8d,0.010152,0.000633,7.6e-05
21761_fdb5f86d,0.010152,0.000633,9.7e-05
22778_7d85debd,0.010152,0.000633,6.3e-05
20958_94222947,0.010152,0.000633,0.000129
23006_92c5b990,0.010152,0.000633,0.000108
20705_ac2a0325,0.010152,0.000633,9.1e-05
22919_3ee91d1a,0.010152,0.000633,9.7e-05
23342_7193a931,0.010152,0.000633,9.1e-05
21563_c72d37a2,0.010152,0.000633,6.4e-05
23214_0c411aa1,0.010152,0.000633,6.4e-05
21700_28d193ac,0.010152,0.000633,0.000125
