assembly_name,neighbor_1,hybrid_sim_1,neighbor_2,hybrid_sim_2,neighbor_3,hybrid_sim_3,neighbor_4,hybrid_sim_4,neighbor_5,hybrid_sim_5
16550_e88d6986,23163_7b143a6f,1.0,22178_976d2411,1.0,23199_75dc1efd,0.999999,21062_c4ed6d45,0.999999,22839_113f2990,0.999998
19051_26735260,21809_8bd6b10e,0.91963,21762_90d34d16,0.91823,21024_9be3d461,0.917647,20293_a1999339,0.917326,20701_6dcbc975,0.916686
19518_f220b68a,20947_115d4058,0.998042,22180_ce7c3bd8,0.919989,22747_3f6faf4c,0.919943,21911_429c1a72,0.919933,20646_4cd14a72,0.919857
19566_19d85d3b,21744_5ae4d9d5,0.919712,22890_4ecfa491,0.91918,20500_e88d8065,0.9191,20293_a1999339,0.918826,20668_b2f2633e,0.918741
19596_fb9531a5,22417_4a15d62e,0.919765,22168_a84560a9,0.919752,21081_72fa4ad1,0.919687,21511_d07c59c2,0.919675,23467_9f431540,0.919631
19810_f77c5501,20163_3742f394,0.999565,20215_e2eb3082,0.997832,20239_49b65a55,0.996519,20628_e0551f7c,0.996111,20989_d1b8b0f8,0.996094
20141_b9376856,20989_d1b8b0f8,0.998847,20899_a8d7c6d5,0.9971,20215_e2eb3082,0.996692,19810_f77c5501,0.995788,20239_49b65a55,0.994543
20157_db99ab88,20504_c9e14c9d,0.999265,20414_a33bd0d7,0.99628,20239_49b65a55,0.919713,21048_75cc125c,0.919596,20215_e2eb3082,0.919249
20163_3742f394,19810_f77c5501,0.999565,20215_e2eb3082,0.995962,20628_e0551f7c,0.99505,20239_49b65a55,0.994923,20141_b9376856,0.994071
20165_2b088be5,20260_4a01a99d,0.994502,20293_a1999339,0.994341,20500_e88d8065,0.987181,20622_38dd90d0,0.986549,20533_0a3e112b,0.965119
20176_a02bde39,20440_27177360,0.951774,21590_7d092186,0.918869,22440_014f1bac,0.917751,22919_3ee91d1a,0.917258,22666_bdaa1303,0.915286
20182_71b9e491,22778_7d85debd,0.919969,20505_017d4cc4,0.919916,22612_28fe0ac2,0.919751,23049_207a41f0,0.919748,20688_955aae0c,0.919715
20186_f66e4ad3,20756_75f43564,0.91997,23341_d5ead6d2,0.919969,22227_aca28ff2,0.919969,21469_abec26c4,0.919965,23215_08a54de0,0.919965
20188_98b86c0f,20340_86125547,0.999962,22498_b8bdb105,0.999913,21785_d595ced5,0.999876,20478_c02790cb,0.919989,20436_41b730a3,0.919988
20193_2da4f0a0,20332_0c2a24aa,0.99999,20241_8c0d3f83,0.999984,20241_ccb70dc8,0.999984,20478_c02790cb,0.999928,20259_de1ab632,0.999829
20212_5d1f2de1,20812_462bd352,0.919996,20468_1c33550a,0.919995,21140_8d150c65,0.919995,21617_ddd3657b,0.919992,21614_5d6afa62,0.919992
20215_e2eb3082,20239_49b65a55,0.99946,20989_d1b8b0f8,0.999031,20281_a29f9a18,0.998756,19810_f77c5501,0.997832,20628_e0551f7c,0.997591
20216_89b90993,20989_885bd9b9,0.999989,20429_419c4cdd,0.999919,20989_a261efa3,0.999824,20429_9dd95c38,0.99974,20451_557fe5cd,0.997598
20220_3de82b2a,20342_c140780b,0.999998,20392_8b23d193,0.999997,20479_77930584,0.999994,20231_f54462bb,0.999993,20376_eefa9511,0.999993
20225_4ce6d59b,21692_777db9e2,0.919732,21037_62248d34,0.919054,20926_4c0f33f6,0.919002,22155_ab18f2b6,0.918981,22057_4947db57,0.918963
20229_d1ae2ae3,20408_b4fda9eb,0.919992,23505_161e8ec5,0.919988,22066_308cdcfe,0.919984,21594_428d32af,0.919977,20849_9821b6fe,0.919972
20231_f54462bb,20376_eefa9511,1.0,20479_77930584,1.0,20392_8b23d193,0.999998,20466_4b3e5186,0.999997,20429_4c909f3f,0.999996
20232_e5b060d9,23209_1592b0a4,0.919966,23210_f535bfd2,0.919964,23219_40625e2c,0.919926,22270_c6999138,0.919881,23211_3aac9c7e,0.91976
20237_06b27bf5,20502_58b65de9,0.996462,21828_21ab2114,0.91994,22365_a4eb929c,0.919902,22399_97987ada,0.919896,22812_cf865ed1,0.919863
20239_49b65a55,20215_e2eb3082,0.99946,20281_a29f9a18,0.998776,20628_e0551f7c,0.998537,20511_e1b972aa,0.998245,20329_414757bb,0.998216
20241_8c0d3f83,20241_ccb70dc8,1.0,20332_0c2a24aa,0.999997,20193_2da4f0a0,0.999984,20478_c02790cb,0.999937,20429_4c909f3f,0.999805
20241_ccb70dc8,20241_8c0d3f83,1.0,20332_0c2a24aa,0.999997,20193_2da4f0a0,0.999984,20478_c02790cb,0.999937,20429_4c909f3f,0.999805
20245_f1b25d43,22417_4a15d62e,0.986743,20745_3e22ad07,0.977587,21924_bbd9f7a9,0.919668,23154_7c74d190,0.91874,22428_c1ffa51a,0.918475
20246_40be7668,20351_dc6e4e1e,0.986998,23422_f214bd4d,0.8967,22483_f4e4b62a,0.879463,20533_0a3e112b,0.865209,7778_3a9748b3,0.864566
20259_de1ab632,20495_e8e7e80c,0.999845,20193_2da4f0a0,0.999829,20241_8c0d3f83,0.999796,20241_ccb70dc8,0.999796,20332_0c2a24aa,0.999785
20260_4a01a99d,20165_2b088be5,0.994502,20293_a1999339,0.985148,20622_38dd90d0,0.982397,20533_0a3e112b,0.981983,20500_e88d8065,0.976949
20278_d442e77d,22085_e039a7d3,0.919021,22046_fe3bae6e,0.918171,22666_bdaa1303,0.916202,21590_7d092186,0.912141,22440_014f1bac,0.91084
20279_aed6b3b3,20818_098cad7c,0.919728,21805_2ba39d00,0.919442,21797_69df08d5,0.919023,20959_d4905d19,0.918407,22331_152ee5c0,0.918154
20281_a29f9a18,20408_b4fda9eb,0.999182,20387_0d507234,0.998979,20329_414757bb,0.998854,20239_49b65a55,0.998776,20215_e2eb3082,0.998756
20285_b64b1a7e,21737_87d83240,0.919963,22061_b50b6b66,0.919962,20421_83f66ddc,0.919934,21625_d5d4c9a7,0.919833,22078_1758e9fc,0.919499
20287_072b5bf6,21762_90d34d16,0.917928,20260_4a01a99d,0.917794,21656_964b0c84,0.916136,21580_b8b2571b,0.916102,20165_2b088be5,0.915995
20291_42287610,20469_b6211bfd,0.999996,20220_3de82b2a,0.999986,20342_c140780b,0.999984,20392_8b23d193,0.99998,20231_f54462bb,0.999978
20293_a1999339,20500_e88d8065,0.997678,20622_38dd90d0,0.99506,20165_2b088be5,0.994341,20260_4a01a99d,0.985148,20533_0a3e112b,0.94941
20319_9f53cd7c,21028_d4d30a2e,0.91955,22534_e899f645,0.9194,22011_0832eefe,0.919334,23176_1bf2a2d5,0.919264,21626_b34008e6,0.919112
20322_5a8c6077,20322_daa5c577,0.999978,23214_0c411aa1,0.919991,21594_428d32af,0.919989,23434_6635ed57,0.91998,20676_9715ec9c,0.91998
20322_daa5c577,20322_5a8c6077,0.999978,22826_199df203,0.919983,23476_705b76d1,0.919977,20676_9715ec9c,0.919969,23434_6635ed57,0.919962
20329_414757bb,20511_e1b972aa,0.999958,20408_b4fda9eb,0.999845,20387_0d507234,0.999493,20628_e0551f7c,0.99938,20281_a29f9a18,0.998854
20332_0c2a24aa,20241_8c0d3f83,0.999997,20241_ccb70dc8,0.999997,20193_2da4f0a0,0.99999,20478_c02790cb,0.999949,20392_8b23d193,0.999825
20340_86125547,20188_98b86c0f,0.999962,22498_b8bdb105,0.999774,21785_d595ced5,0.999751,20994_9c88b1ba,0.92,20332_0c2a24aa,0.919997
20341_6a1588fb,20814_5a2be0fb,0.92,22374_aa5bb54d,0.919999,20802_802b7d69,0.919999,20803_473c87ac,0.919997,20994_9c88b1ba,0.919996
20342_c140780b,20392_8b23d193,0.999999,20220_3de82b2a,0.999998,20376_eefa9511,0.999995,20231_f54462bb,0.999995,20479_77930584,0.999995
20349_a12428da,23044_9a964a68,0.887734,22046_fe3bae6e,0.859292,20278_d442e77d,0.84739,22085_e039a7d3,0.831183,22666_bdaa1303,0.81563
20351_dc6e4e1e,20246_40be7668,0.986998,23422_f214bd4d,0.913744,22483_f4e4b62a,0.91128,22079_31335df2,0.899813,22492_047b125b,0.897541
20376_eefa9511,20231_f54462bb,1.0,20479_77930584,1.0,20392_8b23d193,0.999998,20466_4b3e5186,0.999997,20429_4c909f3f,0.999996
20384_767d849a,20451_557fe5cd,0.996511,20451_84d8b290,0.996511,20989_a261efa3,0.991003,20429_419c4cdd,0.990104,20989_885bd9b9,0.988633
20385_f2d30908,21047_60d69af3,0.92,22907_ff18dbd5,0.92,22668_9c30f6c0,0.919999,22902_83870421,0.919999,20741_c337946f,0.919998
20387_0d507234,20408_b4fda9eb,0.999775,20329_414757bb,0.999493,20511_e1b972aa,0.999223,20628_e0551f7c,0.999071,20281_a29f9a18,0.998979
20389_c835706f,20421_38b63ca5,0.997332,20421_49bd1188,0.994709,20520_7e357152,0.992841,20858_15bdad00,0.919918,20735_fb18051a,0.91986
20392_8b23d193,20342_c140780b,0.999999,20376_eefa9511,0.999998,20231_f54462bb,0.999998,20479_77930584,0.999998,20220_3de82b2a,0.999997
20406_dacb0300,20468_1c33550a,0.999729,20469_b6211bfd,0.999714,20488_589ac9c0,0.999705,20291_42287610,0.999699,20220_3de82b2a,0.999627
20408_b4fda9eb,20329_414757bb,0.999845,20387_0d507234,0.999775,20511_e1b972aa,0.99974,20281_a29f9a18,0.999182,20628_e0551f7c,0.998958
20409_dafedec6,23194_b675acc0,0.993598,20429_4c909f3f,0.919998,22178_976d2411,0.919997,23163_7b143a6f,0.919997,16550_e88d6986,0.919997
20412_42170125,20810_f6674f2d,0.919997,21785_d595ced5,0.919997,22653_58d6287d,0.919996,21761_fdb5f86d,0.919996,20910_c64b5d1b,0.919996
20414_a33bd0d7,20157_db99ab88,0.99628,20504_c9e14c9d,0.995519,23354_8182b4eb,0.919962,20408_b4fda9eb,0.91995,23238_3c864758,0.919945
20419_8ce893b6,20225_4ce6d59b,0.917643,21692_777db9e2,0.916165,21037_62248d34,0.914653,22057_4947db57,0.914138,22892_68138f24,0.913934
20421_0fd51709,22027_11a2e852,0.999148,20477_633cca4f,0.998941,21685_93737a7a,0.991083,23329_6939d5d9,0.91997,20697_d3e106b4,0.919955
20421_38b63ca5,20421_49bd1188,0.998717,20389_c835706f,0.997332,20520_7e357152,0.996186,22035_101c7ab4,0.91988,21601_360ce1c7,0.919653
20421_49bd1188,20520_7e357152,0.999159,20421_38b63ca5,0.998717,20389_c835706f,0.994709,23028_2ca87745,0.919939,22196_e5bf8c9d,0.919889
20421_83f66ddc,21737_87d83240,0.919978,22061_b50b6b66,0.919948,20285_b64b1a7e,0.919934,21625_d5d4c9a7,0.919729,22078_1758e9fc,0.919561
20426_79358492,20466_4b3e5186,0.92,20927_826f4b56,0.919999,20429_4c909f3f,0.919999,20376_eefa9511,0.919997,21267_35a558cc,0.919997
20429_419c4cdd,20989_a261efa3,0.999963,20989_885bd9b9,0.999926,20216_89b90993,0.999919,20429_9dd95c38,0.999404,20451_557fe5cd,0.99835
20429_4c909f3f,20466_4b3e5186,0.999999,20376_eefa9511,0.999996,20231_f54462bb,0.999996,20479_77930584,0.999996,20392_8b23d193,0.999994
20429_9dd95c38,20216_89b90993,0.99974,20989_885bd9b9,0.999694,20429_419c4cdd,0.999404,20989_a261efa3,0.999155,20451_557fe5cd,0.995782
20430_975b8dcf,20636_ca9eb29a,0.919046,21979_29f59427,0.91209,20701_6dcbc975,0.911492,21580_b8b2571b,0.910676,19051_26735260,0.909671
20431_0088a0dd,22680_1f4026f6,0.919962,22729_232da678,0.919885,22045_ead71aca,0.919855,23374_57cca189,0.919837,21008_a3fec63b,0.919793
20431_27e7f151,23501_6c48b3c1,0.919673,20628_e0551f7c,0.919655,23473_1dfa6e40,0.919654,23121_cbdf3ebc,0.919625,23331_192866b6,0.919559
20436_41b730a3,20188_98b86c0f,0.919988,22862_f5406bb0,0.919981,20332_0c2a24aa,0.919977,20671_33532794,0.919974,20994_9c88b1ba,0.919965
20438_5f344b00,22367_b4a67e61,0.919982,22026_62afa265,0.919974,20429_9dd95c38,0.919956,22236_db209dff,0.919945,20822_5bb36119,0.919941
20440_27177360,20176_a02bde39,0.951774,21858_f1409ea2,0.919936,21503_34f299ca,0.919824,21365_ab403591,0.919793,23331_192866b6,0.919788
20451_557fe5cd,20451_84d8b290,1.0,20989_a261efa3,0.998686,20429_419c4cdd,0.99835,20989_885bd9b9,0.997692,20216_89b90993,0.997598
20451_84d8b290,20451_557fe5cd,1.0,20989_a261efa3,0.998686,20429_419c4cdd,0.99835,20989_885bd9b9,0.997692,20216_89b90993,0.997598
20466_4b3e5186,20429_4c909f3f,0.999999,20376_eefa9511,0.999997,20231_f54462bb,0.999997,20479_77930584,0.999997,20392_8b23d193,0.999993
20467_f1fcc009,21459_a9de5e5b,0.999987,22058_71feafda,0.919998,23311_ad36a9ec,0.919998,22349_6f67a96e,0.919997,23021_047d1f8a,0.919996
20468_1c33550a,20488_589ac9c0,0.999993,20342_c140780b,0.999979,20220_3de82b2a,0.999976,20392_8b23d193,0.999971,20291_42287610,0.999959
20469_b6211bfd,20291_42287610,0.999996,20220_3de82b2a,0.999969,20342_c140780b,0.999966,20392_8b23d193,0.999961,20231_f54462bb,0.99996
20477_633cca4f,22027_11a2e852,0.999434,20421_0fd51709,0.998941,21685_93737a7a,0.99348,22419_dfeb5d33,0.919946,21182_a480d230,0.919873
20478_c02790cb,20392_8b23d193,0.999958,20342_c140780b,0.999958,20429_4c909f3f,0.999955,20220_3de82b2a,0.999954,20376_eefa9511,0.999953
20479_77930584,20231_f54462bb,1.0,20376_eefa9511,1.0,20392_8b23d193,0.999998,20466_4b3e5186,0.999997,20429_4c909f3f,0.999996
20488_589ac9c0,20468_1c33550a,0.999993,20220_3de82b2a,0.99999,20342_c140780b,0.999988,20392_8b23d193,0.999982,20291_42287610,0.999974
20495_e8e7e80c,20259_de1ab632,0.999845,20193_2da4f0a0,0.999663,20241_8c0d3f83,0.999551,20241_ccb70dc8,0.999551,20332_0c2a24aa,0.999547
20500_e88d8065,20293_a1999339,0.997678,20622_38dd90d0,0.994383,20165_2b088be5,0.987181,20260_4a01a99d,0.976949,20533_0a3e112b,0.938796
20502_58b65de9,20237_06b27bf5,0.996462,22414_14ead4a3,0.91963,22638_37f9fe91,0.919565,21836_5bc91e49,0.919486,22654_4c426b0f,0.919274
20504_c9e14c9d,20157_db99ab88,0.999265,20414_a33bd0d7,0.995519,22218_2f85f6ae,0.919863,20215_e2eb3082,0.919735,20989_d1b8b0f8,0.919687
20505_017d4cc4,22612_28fe0ac2,0.999919,23451_14c8d09e,0.999892,21816_3891a442,0.999674,21552_4e9c19b1,0.999595,23372_4cb88567,0.999006
20511_e1b972aa,20329_414757bb,0.999958,20408_b4fda9eb,0.99974,20387_0d507234,0.999223,20628_e0551f7c,0.999163,20281_a29f9a18,0.998746
20520_7e357152,20421_49bd1188,0.999159,20421_38b63ca5,0.996186,20389_c835706f,0.992841,22134_5e72e871,0.919996,23308_245d257c,0.919994
20530_2246503a,20823_f144e996,0.999943,20788_d25efea2,0.999934,22448_1f21757a,0.999897,23417_9a9e9937,0.999878,23213_3df3cb34,0.999874
20533_0a3e112b,20260_4a01a99d,0.981983,20165_2b088be5,0.965119,20622_38dd90d0,0.961838,20293_a1999339,0.94941,20500_e88d8065,0.938796
20544_43691724,21926_b4c7068b,0.889216,23376_9b48819a,0.876844,20870_dedaef5b,0.863726,21519_3e869afd,0.853526,20746_57a7b346,0.840907
20546_87dbd755,21647_6b6cca6f,0.917997,22717_08784417,0.917034,22415_658c81dd,0.912225,22125_e3a4cad4,0.896647,23273_8f301ce3,0.835936
20547_ec8cfd0d,20586_cbec2689,0.657258,20860_b8e9a191,0.633329,20841_1620ae7d,0.520458,20246_40be7668,0.470166,21063_037107dc,0.46491
20551_ff28a959,21257_770fee9a,0.999874,22147_12995368,0.999716,20946_6573271d,0.999605,22129_48b47c52,0.9986,22154_24342da4,0.997397
20554_abcb705e,22199_8ec9eeb2,0.987297,22630_b6010fff,0.983595,21529_93e51dd9,0.919987,23372_4cb88567,0.919921,20215_e2eb3082,0.919716
20585_09b72895,22886_a6331748,0.999958,21248_0a862e3e,0.999958,22155_ab18f2b6,0.99995,20682_e208cc63,0.999914,22216_4b032400,0.999906
20586_cbec2689,20841_1620ae7d,0.852497,22825_f4c18d65,0.847644,20674_2fb6cabd,0.84674,23136_2b469508,0.841377,21599_80057f94,0.839525
20592_573e41b2,21592_c5e77a82,0.902843,23305_2662b29a,0.83039,22852_dc1dbed6,0.817293,21856_f84d9348,0.775063,21496_f4025ad5,0.665667
20609_69f28932,23320_e0711ae9,0.999964,22678_ff42f120,0.999959,22983_0ab3faaf,0.999895,23037_d0df320c,0.999876,22141_5db99710,0.999874
20620_8a5226b4,21838_5bc448b4,0.99908,21849_a5f563a6,0.99901,22893_eb8aa8ac,0.998975,22360_42cd6a21,0.998954,21174_861bd902,0.998918
20622_38dd90d0,20293_a1999339,0.99506,20500_e88d8065,0.994383,20165_2b088be5,0.986549,20260_4a01a99d,0.982397,20533_0a3e112b,0.961838
20628_e0551f7c,20329_414757bb,0.99938,20511_e1b972aa,0.999163,20387_0d507234,0.999071,20408_b4fda9eb,0.998958,20239_49b65a55,0.998537
20636_ca9eb29a,20430_975b8dcf,0.919046,21580_b8b2571b,0.911333,21991_ab98f156,0.909332,22076_20e8a107,0.908403,19051_26735260,0.907036
20643_71ad3d26,21081_72fa4ad1,0.999906,20697_d3e106b4,0.999874,21352_c1101acb,0.999872,21843_effbd24d,0.999872,21845_dff8b3a1,0.999847
20646_4cd14a72,20647_cea2e07c,0.999997,21326_ab4d6c43,0.999969,22073_951645ae,0.999916,21015_10304cb9,0.999909,21588_0c48dc5f,0.999908
20647_cea2e07c,20646_4cd14a72,0.999997,21326_ab4d6c43,0.999976,21588_0c48dc5f,0.999924,22073_951645ae,0.999913,21015_10304cb9,0.999898
20657_913a7675,23252_ef165bed,0.919822,23480_3f7a8d50,0.919723,23045_a8c4e4bc,0.919519,22334_677d00e0,0.919054,23475_b14d1dc8,0.91898
20668_b2f2633e,22402_a62e84b4,0.999283,22405_20f11d58,0.999227,21024_9be3d461,0.996503,22890_4ecfa491,0.996246,22193_c8773ded,0.995723
20671_33532794,20958_94222947,0.999886,23096_7da0f913,0.999844,21533_8837772a,0.989017,21357_9edfc0a0,0.919997,22133_465d7a91,0.919995
20672_0bc07cce,21267_35a558cc,1.0,21243_3ec5d732,0.999999,20898_5f5b9bc7,0.999999,20804_0dcacc66,0.999999,21119_4f5c95a6,0.999999
20674_2fb6cabd,22825_f4c18d65,0.999845,21274_2fb8c3f5,0.999157,22064_e1ba20dd,0.999018,23387_c4aa9424,0.999008,23339_87a4d11f,0.998922
20675_66ac9773,20799_213bf924,0.919222,23511_8651ac1f,0.875629,20745_3e22ad07,0.848218,20737_5249e274,0.831742,23258_87a2ba81,0.829962
20676_9715ec9c,22197_94c66357,0.999134,22196_e5bf8c9d,0.998769,22196_0deb2e34,0.998613,23434_6635ed57,0.919994,20322_5a8c6077,0.91998
20680_b095cb77,22365_a4eb929c,0.91999,23259_d655fcc1,0.919981,21828_21ab2114,0.919958,21840_6847d36c,0.91993,22761_ca309655,0.919916
20682_e208cc63,22892_68138f24,0.999998,22057_4947db57,0.999994,22155_ab18f2b6,0.999975,22886_a6331748,0.999959,21037_62248d34,0.999921
20688_955aae0c,21008_a3fec63b,0.995085,20505_017d4cc4,0.919891,22612_28fe0ac2,0.919871,22778_7d85debd,0.919841,23049_207a41f0,0.919827
20697_d3e106b4,20643_71ad3d26,0.999874,21081_72fa4ad1,0.999818,22421_19401bdd,0.999746,21121_1e9e7540,0.999714,21843_effbd24d,0.999684
20701_6dcbc975,21918_976c2754,0.999227,21809_8bd6b10e,0.997495,21024_9be3d461,0.996704,21153_a2fb81fe,0.992197,21762_90d34d16,0.991202
20705_ac2a0325,23442_28996649,0.999999,23006_92c5b990,0.999996,20672_0bc07cce,0.999995,23403_e539620b,0.999995,22142_7891a26a,0.999994
20722_90d46353,22987_37973191,0.919666,22832_731d3b9f,0.919528,21790_aaf9224a,0.919203,20431_27e7f151,0.919076,23501_6c48b3c1,0.918849
20731_fbdc7731,22508_6bb410af,0.999996,20822_5bb36119,0.999993,21825_ce32b0a0,0.999987,23103_43bde2a6,0.999947,21665_2e14b6ff,0.999899
20735_fb18051a,20858_15bdad00,0.999732,23045_a8c4e4bc,0.999202,23475_b14d1dc8,0.998936,23283_fadf3820,0.998805,23313_210c6783,0.998565
20737_5249e274,23310_7daded69,0.997133,21204_96d26a7f,0.995598,22428_c1ffa51a,0.987278,21924_bbd9f7a9,0.984549,21805_2ba39d00,0.984025
20741_c337946f,22653_58d6287d,1.0,21265_7329c813,0.999999,21047_60d69af3,0.999998,21761_fdb5f86d,0.999998,22907_ff18dbd5,0.999997
20743_c8ea8159,23128_cb135b1b,0.999997,21706_adfb2ece,0.999995,21377_19909a40,0.999993,22162_439af02a,0.999989,23409_e27e3b8b,0.999978
20745_3e22ad07,20245_f1b25d43,0.977587,22417_4a15d62e,0.949266,20737_5249e274,0.917751,23258_87a2ba81,0.916564,23310_7daded69,0.912887
20746_57a7b346,21926_b4c7068b,0.985686,20870_dedaef5b,0.955648,21450_ea24ffcc,0.954358,22076_20e8a107,0.953442,23053_139f2009,0.952139
20755_4b5e61bf,21858_f1409ea2,0.919673,22040_6461a147,0.91963,22035_101c7ab4,0.919629,20779_fc5a7c3d,0.919563,21365_ab403591,0.919546
20756_75f43564,20803_473c87ac,0.919993,20802_802b7d69,0.919982,20341_6a1588fb,0.919981,22374_aa5bb54d,0.919981,20814_5a2be0fb,0.919978
20758_cdccf572,21564_fa5b2db7,0.99961,21384_b9774b93,0.99959,22283_36ba29c9,0.999586,22236_db209dff,0.999486,21448_5646a1b6,0.999472
20765_99d0665e,22910_97f0cc18,0.999428,22827_f33929ec,0.998915,22081_ab3124af,0.998911,22193_c8773ded,0.998267,22528_f3370a64,0.998136
20779_fc5a7c3d,22197_66c5655e,0.919877,20421_49bd1188,0.919865,22196_0deb2e34,0.919862,22196_e5bf8c9d,0.919855,23028_2ca87745,0.919764
20787_ed64ff5e,23123_f35404c4,0.919722,23226_8d1b5098,0.918597,21545_4384f96e,0.918536,22581_406c16c4,0.918515,21986_67c5509a,0.918129
20788_d25efea2,22448_1f21757a,0.999994,21390_4d1e2d9c,0.999969,23417_9a9e9937,0.999943,21550_0b16151d,0.999937,20530_2246503a,0.999934
20789_1809f41f,21292_f94bd96b,0.919961,21224_18ba4aba,0.919909,22072_5163223a,0.919879,20892_b1f89c8d,0.91983,22059_b7d76712,0.919731
20792_d2ea0500,20990_0a226634,0.914695,23438_b1ef78f4,0.9126,22080_594bcb66,0.864612,20225_4ce6d59b,0.838019,21692_777db9e2,0.837711
20797_78b83489,23473_1dfa6e40,0.999425,23121_cbdf3ebc,0.999307,23035_6087bb57,0.999196,21358_a69a36f3,0.998993,21817_945cd3c9,0.998973
20799_213bf924,23511_8651ac1f,0.961062,20737_5249e274,0.925477,20675_66ac9773,0.919222,23310_7daded69,0.902266,22717_08784417,0.893485
20801_0796e2ee,22749_346e10ae,0.999999,22899_5b97e4f5,0.999996,23439_18900af2,0.999995,23184_731e5af0,0.999994,23239_ba13cf5e,0.999991
20802_802b7d69,20810_f6674f2d,0.999765,20814_5a2be0fb,0.919999,20341_6a1588fb,0.919999,20803_473c87ac,0.919997,22374_aa5bb54d,0.919996
20803_473c87ac,22374_aa5bb54d,0.999995,20994_9c88b1ba,0.999985,23215_08a54de0,0.999975,20951_2918f2fa,0.999962,22135_2aa77ff2,0.999953
20804_0dcacc66,21119_4f5c95a6,1.0,21139_cd619b26,1.0,22142_7891a26a,1.0,21243_3ec5d732,1.0,22839_113f2990,1.0
20806_ca60b7ae,22154_24342da4,0.999999,22129_48b47c52,0.999798,21862_ec534e16,0.999725,22136_a539c50b,0.999695,20946_6573271d,0.998996
20807_88c198d5,21665_2e14b6ff,0.99999,23103_43bde2a6,0.999965,22304_33009be6,0.999936,22140_9cda24cc,0.999933,21810_718ae2fe,0.999892
20810_f6674f2d,20802_802b7d69,0.999765,21761_fdb5f86d,0.92,20910_c64b5d1b,0.919999,21785_d595ced5,0.919999,22653_58d6287d,0.919998
20812_462bd352,21611_1d3ff1b6,0.999997,21613_d57e983a,0.999997,21617_ddd3657b,0.999997,21619_19435db0,0.999996,21573_31a18ad0,0.999996
20813_726b2714,22891_b8c84495,0.999999,21051_5d118b91,0.999997,21573_31a18ad0,0.999991,21882_795be793,0.999988,21611_1d3ff1b6,0.999985
20814_5a2be0fb,20341_6a1588fb,0.92,20802_802b7d69,0.919999,22374_aa5bb54d,0.919998,20994_9c88b1ba,0.919997,20193_2da4f0a0,0.919997
20815_b3d9e6c9,20817_ef63b1a7,0.999996,23152_6f2706c9,0.999928,23354_8182b4eb,0.999725,22681_124bf3a9,0.999643,23238_3c864758,0.99924
20817_ef63b1a7,20815_b3d9e6c9,0.999996,23152_6f2706c9,0.999957,23354_8182b4eb,0.999681,22681_124bf3a9,0.999593,23238_3c864758,0.999163
20818_098cad7c,20279_aed6b3b3,0.919728,21797_69df08d5,0.919497,20959_d4905d19,0.919224,21805_2ba39d00,0.91916,21134_7aa7cd89,0.918064
20822_5bb36119,22508_6bb410af,0.999994,20731_fbdc7731,0.999993,21825_ce32b0a0,0.999974,22236_db209dff,0.999919,23103_43bde2a6,0.999908
20823_f144e996,23213_3df3cb34,0.999962,21549_18160a0a,0.999943,20530_2246503a,0.999943,21794_4d137e7d,0.999906,20788_d25efea2,0.9999
20838_86c931be,20934_fe7fbd78,0.92,21495_ebbbd369,0.92,21630_316322ff,0.92,22844_9b75b8e0,0.919999,23351_6104d55d,0.919999
20841_1620ae7d,21184_971559b6,0.991971,22270_c6999138,0.989275,22053_de30641b,0.985434,22043_041e1b7c,0.983975,22131_6b4b60f8,0.981819
20849_9821b6fe,22066_308cdcfe,0.999995,22313_3a8b93dc,0.999979,22577_cd96733e,0.999974,23505_161e8ec5,0.999968,23434_6635ed57,0.999955
20858_15bdad00,20735_fb18051a,0.999732,23475_b14d1dc8,0.999474,23045_a8c4e4bc,0.99946,23480_3f7a8d50,0.998939,23121_cbdf3ebc,0.998812
20860_b8e9a191,21989_a0b5037d,0.898174,23120_f7c9092f,0.89054,23380_abffc859,0.88076,23379_636204a6,0.853,22251_88fd728c,0.852461
20870_dedaef5b,21450_ea24ffcc,0.987625,21926_b4c7068b,0.977383,22442_7d5c5d5f,0.960987,21656_964b0c84,0.959487,20746_57a7b346,0.955648
20892_b1f89c8d,22059_b7d76712,0.999974,21513_50fb4d62,0.99993,22045_ead71aca,0.999871,21224_18ba4aba,0.999857,22072_5163223a,0.999845
20898_5f5b9bc7,21243_3ec5d732,1.0,21119_4f5c95a6,1.0,21139_cd619b26,1.0,21267_35a558cc,1.0,22839_113f2990,1.0
20899_a8d7c6d5,20141_b9376856,0.9971,21202_e452c491,0.99438,19810_f77c5501,0.992977,20163_3742f394,0.992871,20989_d1b8b0f8,0.992671
20908_10574fbf,21848_0fff9631,0.999994,22589_2c8f7c0b,0.999994,23440_5956321f,0.999991,21793_4ad5e2c0,0.999986,22895_4533b542,0.999985
20910_c64b5d1b,20810_f6674f2d,0.919999,21761_fdb5f86d,0.919998,21785_d595ced5,0.919998,21617_ddd3657b,0.919997,21614_5d6afa62,0.919997
20925_dc64a33a,21566_ff590631,0.999987,22586_ff3651b2,0.999983,23008_3d1bb7b2,0.999943,22383_e5f707a7,0.999938,22134_5e72e871,0.999913
20926_4c0f33f6,22216_4b032400,0.919816,21831_54ca67d1,0.919804,21248_0a862e3e,0.91975,22886_a6331748,0.919728,23259_d655fcc1,0.919721
20927_826f4b56,21267_35a558cc,0.999996,20898_5f5b9bc7,0.999995,21243_3ec5d732,0.999995,20672_0bc07cce,0.999993,22839_113f2990,0.999993
20934_fe7fbd78,21630_316322ff,0.92,20838_86c931be,0.92,22844_9b75b8e0,0.919999,22257_6fb4c50c,0.919999,21495_ebbbd369,0.919999
20940_9777847c,23244_34b5f55e,0.919993,23218_02d26ab4,0.919979,23236_d5867507,0.919941,22043_041e1b7c,0.919934,23211_3aac9c7e,0.919865
20946_6573271d,22147_12995368,0.999984,21257_770fee9a,0.999922,22129_48b47c52,0.99969,20551_ff28a959,0.999605,22154_24342da4,0.999028
20947_115d4058,19518_f220b68a,0.998042,23351_6104d55d,0.92,21495_ebbbd369,0.92,20342_c140780b,0.92,22261_6efe61e3,0.919999
20951_2918f2fa,21451_fea6f0d1,0.999982,20994_9c88b1ba,0.999969,20803_473c87ac,0.999962,22374_aa5bb54d,0.999956,23265_07de6a0b,0.999933
20952_b8a54213,21582_a3d32115,0.902017,21236_b696e901,0.89839,21421_fb12b69b,0.893711,22430_c6f08b03,0.885382,21244_24c3ce72,0.885232
20958_94222947,23096_7da0f913,0.999954,20671_33532794,0.999886,21533_8837772a,0.987304,23103_66470b7e,0.919997,23408_e5fd25ba,0.919995
20959_d4905d19,20818_098cad7c,0.919224,21134_7aa7cd89,0.919144,21797_69df08d5,0.919052,21805_2ba39d00,0.918841,23309_76dcf100,0.918758
20970_d20c6c35,21176_b5c72bfb,0.999839,21467_67965037,0.919919,23221_42f37ae3,0.919906,22259_613f9d44,0.919871,21603_98a15295,0.919801
20989_885bd9b9,20216_89b90993,0.999989,20429_419c4cdd,0.999926,20989_a261efa3,0.99986,20429_9dd95c38,0.999694,20451_557fe5cd,0.997692
20989_a261efa3,20429_419c4cdd,0.999963,20989_885bd9b9,0.99986,20216_89b90993,0.999824,20429_9dd95c38,0.999155,20451_557fe5cd,0.998686
20989_d1b8b0f8,20215_e2eb3082,0.999031,20141_b9376856,0.998847,20239_49b65a55,0.99794,20281_a29f9a18,0.996549,19810_f77c5501,0.996094
20990_0a226634,21478_8fbd4409,0.919946,23438_b1ef78f4,0.919677,20792_d2ea0500,0.914695,22080_594bcb66,0.859315,21961_1a090a8b,0.839975
20991_6795af4f,21300_ec7da33e,0.919604,23377_690165aa,0.919558,23217_7c6062e3,0.919556,22421_19401bdd,0.91936,21134_7aa7cd89,0.919345
20994_9c88b1ba,22374_aa5bb54d,0.999994,20803_473c87ac,0.999985,21451_fea6f0d1,0.999975,23215_08a54de0,0.999972,20951_2918f2fa,0.999969
21005_9feee615,21656_964b0c84,0.917502,20260_4a01a99d,0.916055,20287_072b5bf6,0.915606,21580_b8b2571b,0.91249,20165_2b088be5,0.911321
21008_a3fec63b,20688_955aae0c,0.995085,23028_2ca87745,0.919976,21513_50fb4d62,0.919933,22045_ead71aca,0.919925,20421_49bd1188,0.919884
21009_907a2a95,21528_a5d5490f,0.999788,22002_315afcfc,0.999755,22776_facf9bcf,0.999733,23132_1847c4ef,0.999392,23363_60e39812,0.999172
21015_10304cb9,22377_d490f505,0.999911,20646_4cd14a72,0.999909,20647_cea2e07c,0.999898,22180_ce7c3bd8,0.99989,22378_234fea2c,0.999858
21024_9be3d461,21809_8bd6b10e,0.998413,22890_4ecfa491,0.997186,21918_976c2754,0.99673,20701_6dcbc975,0.996704,21153_a2fb81fe,0.996598
21028_d4d30a2e,20319_9f53cd7c,0.91955,22534_e899f645,0.919355,20899_a8d7c6d5,0.919074,23176_1bf2a2d5,0.919038,23493_57512264,0.918946
21035_d308c5c4,21091_bbf490e7,0.9994,21719_d60b8a4a,0.999208,21531_79015e13,0.999127,21390_4d1e2d9c,0.998857,22448_1f21757a,0.998799
21037_62248d34,22057_4947db57,0.999945,22892_68138f24,0.999937,20682_e208cc63,0.999921,22155_ab18f2b6,0.999881,22886_a6331748,0.999845
21047_60d69af3,22907_ff18dbd5,1.0,22668_9c30f6c0,1.0,22902_83870421,0.999999,20741_c337946f,0.999998,21616_c6c3347a,0.999998
21048_75cc125c,22078_1758e9fc,0.999508,21737_87d83240,0.999311,21625_d5d4c9a7,0.999065,22681_124bf3a9,0.998777,22224_1e749c32,0.998672
21049_f644930a,21549_18160a0a,0.919866,20628_e0551f7c,0.919864,21837_b67d788c,0.919835,21281_6e562106,0.919828,23213_3df3cb34,0.919815
21051_5d118b91,20813_726b2714,0.999997,22891_b8c84495,0.999996,21882_795be793,0.999995,21573_31a18ad0,0.999993,21611_1d3ff1b6,0.999991
21062_c4ed6d45,21806_616e985a,1.0,22902_83870421,0.999999,16550_e88d6986,0.999999,23163_7b143a6f,0.999999,23022_86e6a8a0,0.999999
21063_037107dc,23048_8a1a5553,0.998226,23495_6366269c,0.985976,23053_139f2009,0.9854,23251_3eb3d2e6,0.983374,22076_20e8a107,0.975927
21069_508a9947,22430_c6f08b03,0.90863,21244_24c3ce72,0.906497,22483_f4e4b62a,0.903075,22079_31335df2,0.898544,21351_675c66b1,0.897015
21081_72fa4ad1,21843_effbd24d,0.99993,20643_71ad3d26,0.999906,20697_d3e106b4,0.999818,21352_c1101acb,0.999813,21845_dff8b3a1,0.999779
21091_bbf490e7,21719_d60b8a4a,0.999436,21035_d308c5c4,0.9994,21550_0b16151d,0.999396,22448_1f21757a,0.999185,20788_d25efea2,0.999111
21092_32622a83,21745_56cbe841,0.988277,21091_bbf490e7,0.919711,21550_0b16151d,0.919655,21719_d60b8a4a,0.919603,20628_e0551f7c,0.919599
21093_1bda9bbe,20668_b2f2633e,0.91925,21739_57582b8f,0.919021,19566_19d85d3b,0.918684,22764_b884dce6,0.918461,22193_c8773ded,0.918355
21119_4f5c95a6,21139_cd619b26,1.0,20804_0dcacc66,1.0,22839_113f2990,1.0,21243_3ec5d732,1.0,20898_5f5b9bc7,1.0
21121_1e9e7540,21845_dff8b3a1,0.999977,21843_effbd24d,0.999872,23155_d7305c5f,0.999869,20643_71ad3d26,0.999847,22893_eb8aa8ac,0.999832
21133_f9a1614e,22311_553b3456,0.999975,22434_2ad62ed6,0.999965,21386_e234c6b6,0.999914,21271_ec7f62b8,0.999894,21958_e48ddf4e,0.999887
21134_7aa7cd89,23377_690165aa,0.919712,21300_ec7da33e,0.919472,22894_5f7c276d,0.919345,20991_6795af4f,0.919345,22027_11a2e852,0.919317
21139_cd619b26,21119_4f5c95a6,1.0,20804_0dcacc66,1.0,22839_113f2990,1.0,21243_3ec5d732,1.0,20898_5f5b9bc7,1.0
21140_8d150c65,23406_1d36b046,0.999997,22843_ff77027f,0.999997,21265_7329c813,0.999997,20741_c337946f,0.999996,22210_649a5363,0.999996
21153_a2fb81fe,21425_d0d47a2a,0.999645,22900_09de4c7a,0.999497,23002_4d53fb3f,0.999067,22890_4ecfa491,0.998927,21024_9be3d461,0.996598
21164_de08f61e,22630_b6010fff,0.91873,21028_d4d30a2e,0.918484,22376_3ebc82a2,0.917297,20319_9f53cd7c,0.917165,20163_3742f394,0.917068
21165_5cb2d287,21453_679a343c,0.999414,21426_51651a10,0.997779,21865_c190b734,0.993263,23021_047d1f8a,0.992819,21357_9edfc0a0,0.992816
21174_861bd902,21849_a5f563a6,0.999839,22360_42cd6a21,0.999775,22070_fd1b8e5e,0.999708,21838_5bc448b4,0.999609,22893_eb8aa8ac,0.999489
21175_85118898,21793_4ad5e2c0,0.919999,22895_4533b542,0.919995,20958_94222947,0.919994,23103_66470b7e,0.919993,20908_10574fbf,0.919989
21176_b5c72bfb,20970_d20c6c35,0.999839,23221_42f37ae3,0.919969,22259_613f9d44,0.919955,22050_e8702dd4,0.919947,21467_67965037,0.919934
21182_a480d230,22419_dfeb5d33,0.999846,23101_6aec02ee,0.999792,22894_5f7c276d,0.999762,21839_a8eb6d34,0.999656,23309_76dcf100,0.999629
21184_971559b6,22270_c6999138,0.999552,22053_de30641b,0.998396,22043_041e1b7c,0.997259,22131_6b4b60f8,0.99626,21976_807c9b26,0.995655
21185_ac5324ba,21695_1f33863f,0.999506,21737_87d83240,0.991901,21048_75cc125c,0.991156,21625_d5d4c9a7,0.989511,22078_1758e9fc,0.988583
21186_d1698d8c,22983_0ab3faaf,0.919981,22141_5db99710,0.919966,22762_dcbdd14d,0.919958,23037_d0df320c,0.919952,21497_9833a679,0.919939
21202_e452c491,20141_b9376856,0.994519,20899_a8d7c6d5,0.99438,20989_d1b8b0f8,0.990187,20215_e2eb3082,0.983486,19810_f77c5501,0.981399
21204_96d26a7f,23310_7daded69,0.997985,22428_c1ffa51a,0.99621,21805_2ba39d00,0.996186,20737_5249e274,0.995598,23378_8d6426ae,0.995147
21224_18ba4aba,22072_5163223a,0.999953,20892_b1f89c8d,0.999857,22059_b7d76712,0.99977,22729_232da678,0.999714,21513_50fb4d62,0.999631
21236_b696e901,21421_fb12b69b,0.911202,21244_24c3ce72,0.909073,21244_d67bbabc,0.908184,22430_c6f08b03,0.903267,20952_b8a54213,0.89839
21243_3ec5d732,20898_5f5b9bc7,1.0,21267_35a558cc,1.0,21119_4f5c95a6,1.0,21139_cd619b26,1.0,20804_0dcacc66,1.0
21244_24c3ce72,22430_c6f08b03,0.916833,21421_fb12b69b,0.912577,21244_d67bbabc,0.910707,21236_b696e901,0.909073,21069_508a9947,0.906497
21244_d67bbabc,22430_c6f08b03,0.985343,21557_53eafe15,0.98356,21582_a3d32115,0.9619,23235_f9ccb8b0,0.947805,23271_f833d903,0.936895
21248_0a862e3e,22216_4b032400,0.999985,21831_54ca67d1,0.999966,20585_09b72895,0.999958,21840_6847d36c,0.999924,22886_a6331748,0.999902
21257_770fee9a,22147_12995368,0.999956,20946_6573271d,0.999922,20551_ff28a959,0.999874,22129_48b47c52,0.999303,22154_24342da4,0.998409
21265_7329c813,22653_58d6287d,0.999999,20741_c337946f,0.999999,21761_fdb5f86d,0.999999,21612_e2981dae,0.999998,21614_5d6afa62,0.999998
21267_35a558cc,21243_3ec5d732,1.0,20898_5f5b9bc7,1.0,20672_0bc07cce,1.0,21119_4f5c95a6,0.999999,21139_cd619b26,0.999999
21271_ec7f62b8,22762_dcbdd14d,0.999978,23170_6ea8ded5,0.999978,22434_2ad62ed6,0.999975,21497_9833a679,0.999972,22983_0ab3faaf,0.999969
21274_2fb8c3f5,22472_f65d3470,0.999953,23387_c4aa9424,0.999923,23339_87a4d11f,0.999918,21865_c190b734,0.999892,23184_731e5af0,0.999891
21275_c8049742,21424_9d516e3a,0.999985,23128_cb135b1b,0.999953,21377_19909a40,0.999953,22162_439af02a,0.999951,20743_c8ea8159,0.999949
21281_6e562106,21549_18160a0a,0.99977,20823_f144e996,0.999752,23213_3df3cb34,0.999737,21837_b67d788c,0.999711,20530_2246503a,0.99965
21282_b2d83538,20797_78b83489,0.998015,23480_3f7a8d50,0.997001,23252_ef165bed,0.996736,23045_a8c4e4bc,0.996537,23121_cbdf3ebc,0.996488
21292_f94bd96b,20789_1809f41f,0.919961,21224_18ba4aba,0.919954,22072_5163223a,0.919856,20892_b1f89c8d,0.919831,22059_b7d76712,0.919766
21300_ec7da33e,23377_690165aa,0.999881,23168_7fdf5427,0.999363,22421_19401bdd,0.999305,20697_d3e106b4,0.998859,21977_ce9f4e71,0.998785
21316_69ed56f5,20245_f1b25d43,0.831855,21492_8bd34fc1,0.822112,22306_c3dca308,0.811792,21722_68aeba65,0.811791,22211_b1ee53f0,0.807422
21326_ab4d6c43,20647_cea2e07c,0.999976,20646_4cd14a72,0.999969,22073_951645ae,0.999965,21588_0c48dc5f,0.99987,22747_3f6faf4c,0.999855
21329_1bfecd1d,22331_152ee5c0,0.999015,21977_ce9f4e71,0.91953,22027_11a2e852,0.919356,22278_12f1fb79,0.919262,21839_a8eb6d34,0.919077
21337_062b39fa,22764_b884dce6,0.91881,21739_57582b8f,0.918603,20668_b2f2633e,0.918112,20293_a1999339,0.917933,21093_1bda9bbe,0.917742
21351_675c66b1,23282_a1b17daa,0.90827,23226_8d1b5098,0.907657,20787_ed64ff5e,0.904662,21741_c6faf98e,0.904034,21708_e61bd657,0.903916
21352_c1101acb,21845_dff8b3a1,0.999873,20643_71ad3d26,0.999872,21843_effbd24d,0.999863,21511_d07c59c2,0.999843,21081_72fa4ad1,0.999813
21352_d60bc953,21859_35124f79,0.906228,21718_1551037b,0.904358,22404_66db7dd7,0.894035,20952_b8a54213,0.858812,22533_e7298b05,0.85326
21353_4686c90c,23435_e1c96b4d,0.999993,22589_2c8f7c0b,0.999975,23339_87a4d11f,0.999959,20908_10574fbf,0.999955,23387_c4aa9424,0.999942
21357_9edfc0a0,22014_5880c417,0.999993,22133_465d7a91,0.99999,22135_2aa77ff2,0.999973,22862_f5406bb0,0.999958,21781_5985da6d,0.999954
21358_a69a36f3,21817_945cd3c9,0.999993,23035_6087bb57,0.999981,22826_199df203,0.999918,23434_6635ed57,0.999852,22577_cd96733e,0.999851
21365_ab403591,21858_f1409ea2,0.999924,21503_34f299ca,0.999884,23331_192866b6,0.9998,23028_2ca87745,0.999745,21513_50fb4d62,0.99949
21377_19909a40,23128_cb135b1b,0.999999,22162_439af02a,0.999997,20743_c8ea8159,0.999993,21706_adfb2ece,0.999985,23308_245d257c,0.99998
21384_b9774b93,21448_5646a1b6,0.999989,22236_db209dff,0.999916,21564_fa5b2db7,0.999902,22367_b4a67e61,0.999887,22283_36ba29c9,0.999853
21386_e234c6b6,22659_0e686e14,0.99994,21958_e48ddf4e,0.999939,22434_2ad62ed6,0.999927,21133_f9a1614e,0.999914,21271_ec7f62b8,0.999905
21390_4d1e2d9c,22448_1f21757a,0.999977,20788_d25efea2,0.999969,23417_9a9e9937,0.999955,22469_9d87f800,0.999914,22617_a286f13c,0.9999
21391_78fc6345,23341_d5ead6d2,0.919988,21469_abec26c4,0.919959,23265_07de6a0b,0.919958,23039_b3d04774,0.919952,20186_f66e4ad3,0.919946
21421_fb12b69b,22430_c6f08b03,0.916053,21244_24c3ce72,0.912577,21582_a3d32115,0.912117,21236_b696e901,0.911202,22357_e2f7b060,0.910326
21422_b2a6bf27,20241_8c0d3f83,0.919999,20241_ccb70dc8,0.919999,20332_0c2a24aa,0.919997,20994_9c88b1ba,0.919994,20340_86125547,0.919994
21423_196855d1,21426_51651a10,0.992292,21165_5cb2d287,0.981963,21453_679a343c,0.975495,21865_c190b734,0.954241,23021_047d1f8a,0.952767
21424_9d516e3a,21275_c8049742,0.999985,21706_adfb2ece,0.999957,20743_c8ea8159,0.999957,23409_e27e3b8b,0.999948,23128_cb135b1b,0.999948
21425_d0d47a2a,22900_09de4c7a,0.999946,21153_a2fb81fe,0.999645,22890_4ecfa491,0.998651,23002_4d53fb3f,0.998211,21024_9be3d461,0.995977
21426_51651a10,21165_5cb2d287,0.997779,21453_679a343c,0.99517,21423_196855d1,0.992292,21865_c190b734,0.98366,23021_047d1f8a,0.982889
21429_6d2d3974,22035_101c7ab4,0.990608,22334_677d00e0,0.919782,22251_88fd728c,0.91966,23026_e6f08109,0.919658,23283_fadf3820,0.919551
21448_5646a1b6,21384_b9774b93,0.999989,22367_b4a67e61,0.999939,22236_db209dff,0.999932,21564_fa5b2db7,0.999901,22283_36ba29c9,0.999855
21450_ea24ffcc,22442_7d5c5d5f,0.989554,21656_964b0c84,0.988956,20870_dedaef5b,0.987625,21580_b8b2571b,0.972272,21762_90d34d16,0.967902
21451_fea6f0d1,20951_2918f2fa,0.999982,20994_9c88b1ba,0.999975,22374_aa5bb54d,0.999948,20803_473c87ac,0.999938,23215_08a54de0,0.999912
21453_679a343c,21165_5cb2d287,0.999414,21865_c190b734,0.99632,23021_047d1f8a,0.996037,20812_462bd352,0.99603,21882_795be793,0.99603
21459_a9de5e5b,20467_f1fcc009,0.999987,22075_12b129d5,0.92,21495_ebbbd369,0.919999,22844_9b75b8e0,0.919999,20947_115d4058,0.919998
21467_67965037,22259_613f9d44,0.919988,23221_42f37ae3,0.919945,21176_b5c72bfb,0.919934,20970_d20c6c35,0.919919,22050_e8702dd4,0.919911
21469_abec26c4,23265_07de6a0b,0.919991,23341_d5ead6d2,0.919991,20186_f66e4ad3,0.919965,21391_78fc6345,0.919959,23039_b3d04774,0.919955
21478_8fbd4409,20990_0a226634,0.919946,21961_1a090a8b,0.919942,22049_4da0d894,0.919915,22050_e8702dd4,0.919905,23178_eb4b4280,0.919871
21490_d07ff9f8,22706_58a933f4,0.919746,21831_54ca67d1,0.919706,20926_4c0f33f6,0.9197,22399_97987ada,0.919682,23259_d655fcc1,0.91968
21492_8bd34fc1,21722_68aeba65,0.916667,22028_776fbf0d,0.897979,22306_c3dca308,0.889487,23419_ea47995f,0.887933,23273_8f301ce3,0.887816
21495_ebbbd369,22844_9b75b8e0,1.0,23351_6104d55d,1.0,21630_316322ff,0.999999,22075_12b129d5,0.999999,23022_86e6a8a0,0.999999
21496_f4025ad5,21281_6e562106,0.996398,22345_bc482c26,0.996181,23505_161e8ec5,0.996045,22313_3a8b93dc,0.995835,23409_e27e3b8b,0.995815
21497_9833a679,22762_dcbdd14d,0.999981,23102_211ad1db,0.99998,21271_ec7f62b8,0.999972,22983_0ab3faaf,0.999968,23170_6ea8ded5,0.999958
21503_34f299ca,23331_192866b6,0.999972,21365_ab403591,0.999884,23028_2ca87745,0.999841,21858_f1409ea2,0.99981,21837_b67d788c,0.999698
21511_d07c59c2,21352_c1101acb,0.999843,21843_effbd24d,0.999646,23233_ac09e2e5,0.999623,21081_72fa4ad1,0.999603,21845_dff8b3a1,0.999545
21513_50fb4d62,22059_b7d76712,0.999959,22045_ead71aca,0.999947,20892_b1f89c8d,0.99993,23028_2ca87745,0.999862,22729_232da678,0.999755
21519_3e869afd,23376_9b48819a,0.897457,20870_dedaef5b,0.894514,21450_ea24ffcc,0.874973,21926_b4c7068b,0.873733,22442_7d5c5d5f,0.865386
21528_a5d5490f,21009_907a2a95,0.999788,22002_315afcfc,0.99965,22776_facf9bcf,0.999465,23363_60e39812,0.998928,23132_1847c4ef,0.998529
21529_93e51dd9,20554_abcb705e,0.919987,23372_4cb88567,0.919962,22218_2f85f6ae,0.919889,20215_e2eb3082,0.919652,20989_d1b8b0f8,0.919641
21531_79015e13,22469_9d87f800,0.999866,23417_9a9e9937,0.999767,21390_4d1e2d9c,0.999729,22617_a286f13c,0.999719,21974_1997ebc3,0.999676
21533_8837772a,20671_33532794,0.989017,20958_94222947,0.987304,23096_7da0f913,0.987117,22270_c6999138,0.919841,23219_40625e2c,0.919784
21539_cfe1f7fd,23502_5a80f907,0.970855,22266_078a1f68,0.919934,22228_1c82530b,0.919708,22474_b10fea1a,0.919682,23466_1cf60d09,0.919198
21541_abc67be6,21091_bbf490e7,0.919448,21035_d308c5c4,0.919021,20858_15bdad00,0.919017,20389_c835706f,0.918977,21092_32622a83,0.918967
21545_4384f96e,22581_406c16c4,0.91991,21986_67c5509a,0.919318,23123_f35404c4,0.918722,20787_ed64ff5e,0.918536,23226_8d1b5098,0.918271
21549_18160a0a,23213_3df3cb34,0.999992,23172_4ab01e83,0.999967,21837_b67d788c,0.999943,20823_f144e996,0.999943,21794_4d137e7d,0.99994
21550_0b16151d,22448_1f21757a,0.99995,20788_d25efea2,0.999937,21719_d60b8a4a,0.999895,21390_4d1e2d9c,0.999871,20823_f144e996,0.999846
21551_c6c2d516,22421_19401bdd,0.919847,22894_5f7c276d,0.919789,23101_6aec02ee,0.919753,20421_0fd51709,0.919752,23329_6939d5d9,0.919734
21552_4e9c19b1,21816_3891a442,0.999797,20505_017d4cc4,0.999595,23451_14c8d09e,0.999315,22612_28fe0ac2,0.999273,21621_711e1918,0.99909
21557_53eafe15,22430_c6f08b03,0.983823,21244_d67bbabc,0.98356,23282_a1b17daa,0.976192,23235_f9ccb8b0,0.975732,21582_a3d32115,0.969666
21563_c72d37a2,22383_e5f707a7,0.999995,23214_0c411aa1,0.999973,22134_5e72e871,0.99997,23008_3d1bb7b2,0.999962,23308_245d257c,0.99996
21564_fa5b2db7,22283_36ba29c9,0.999995,22236_db209dff,0.999984,21384_b9774b93,0.999902,21448_5646a1b6,0.999901,20822_5bb36119,0.999883
21566_ff590631,20925_dc64a33a,0.999987,22383_e5f707a7,0.999971,23008_3d1bb7b2,0.999957,22134_5e72e871,0.999956,21563_c72d37a2,0.999955
21570_9cb1d1c4,21274_2fb8c3f5,0.919967,22472_f65d3470,0.919893,20406_dacb0300,0.919857,23387_c4aa9424,0.919817,23339_87a4d11f,0.919801
21573_31a18ad0,21882_795be793,0.999998,20812_462bd352,0.999996,21611_1d3ff1b6,0.999995,21051_5d118b91,0.999993,23103_66470b7e,0.999992
21580_b8b2571b,21762_90d34d16,0.998386,21656_964b0c84,0.9961,21809_8bd6b10e,0.993846,20668_b2f2633e,0.98996,20701_6dcbc975,0.988115
21581_8f948e0b,22843_cb38a007,0.999999,23311_ad36a9ec,0.999999,22058_71feafda,0.999999,22843_ff77027f,0.999999,21781_5985da6d,0.999998
21582_a3d32115,23235_f9ccb8b0,0.990834,22430_c6f08b03,0.990353,23271_f833d903,0.990332,22413_901f5867,0.989878,23195_2629864e,0.977495
21588_0c48dc5f,22378_234fea2c,0.999967,20647_cea2e07c,0.999924,20646_4cd14a72,0.999908,22377_d490f505,0.999904,21326_ab4d6c43,0.99987
21590_7d092186,23043_c0827516,0.932442,20176_a02bde39,0.918869,22440_014f1bac,0.918413,22666_bdaa1303,0.916813,22085_e039a7d3,0.916107
21592_c5e77a82,22852_dc1dbed6,0.984608,23305_2662b29a,0.982098,21856_f84d9348,0.967101,21496_f4025ad5,0.909829,21282_b2d83538,0.908308
21594_428d32af,23214_0c411aa1,0.919994,20322_5a8c6077,0.919989,20408_b4fda9eb,0.919981,20229_d1ae2ae3,0.919977,20676_9715ec9c,0.919967
21599_80057f94,23369_447545f6,0.99896,22746_920025a0,0.998902,22227_aca28ff2,0.998582,21615_f2ecc6e8,0.99832,23343_f000bdae,0.998081
21600_0027c6fc,23238_3c864758,0.999985,22074_c0265b0d,0.99997,23366_cc0bc28e,0.999966,21715_53df62c9,0.999948,22062_2d6b3b72,0.999765
21601_360ce1c7,23041_8d3ea25c,0.999463,21621_711e1918,0.998823,21035_d308c5c4,0.998692,21365_ab403591,0.998545,21858_f1409ea2,0.998483
21603_98a15295,22050_e8702dd4,0.999678,20609_69f28932,0.919984,22678_ff42f120,0.919912,23320_e0711ae9,0.91991,21186_d1698d8c,0.919901
21610_5dcf1187,21612_e2981dae,1.0,21619_19435db0,1.0,21614_5d6afa62,1.0,21613_d57e983a,1.0,21617_ddd3657b,1.0
21611_1d3ff1b6,21613_d57e983a,0.999997,21617_ddd3657b,0.999997,20812_462bd352,0.999997,21882_795be793,0.999996,21619_19435db0,0.999996
21612_e2981dae,21614_5d6afa62,1.0,21610_5dcf1187,1.0,21619_19435db0,1.0,21613_d57e983a,1.0,21617_ddd3657b,1.0
21613_d57e983a,21617_ddd3657b,1.0,21619_19435db0,1.0,21614_5d6afa62,1.0,21610_5dcf1187,1.0,21612_e2981dae,1.0
21614_5d6afa62,21619_19435db0,1.0,21617_ddd3657b,1.0,21613_d57e983a,1.0,21612_e2981dae,1.0,21610_5dcf1187,1.0
21615_f2ecc6e8,23343_f000bdae,0.99993,22746_920025a0,0.999901,23369_447545f6,0.999898,22227_aca28ff2,0.99981,21599_80057f94,0.99832
21616_c6c3347a,22668_9c30f6c0,0.999999,22902_83870421,0.999998,21047_60d69af3,0.999998,22257_6fb4c50c,0.999998,22907_ff18dbd5,0.999998
21617_ddd3657b,21613_d57e983a,1.0,21619_19435db0,1.0,21614_5d6afa62,1.0,21612_e2981dae,1.0,21610_5dcf1187,1.0
21619_19435db0,21614_5d6afa62,1.0,21613_d57e983a,1.0,21617_ddd3657b,1.0,21610_5dcf1187,1.0,21612_e2981dae,1.0
21621_711e1918,22376_3ebc82a2,0.999558,21790_aaf9224a,0.999272,21552_4e9c19b1,0.99909,21601_360ce1c7,0.998823,23041_8d3ea25c,0.998793
21625_d5d4c9a7,22224_1e749c32,0.999878,21737_87d83240,0.999835,22078_1758e9fc,0.999784,22062_2d6b3b72,0.999684,22681_124bf3a9,0.999173
21626_b34008e6,21745_56cbe841,0.919933,22011_0832eefe,0.919844,23176_1bf2a2d5,0.919787,21816_3891a442,0.919701,20141_b9376856,0.919665
21630_316322ff,22844_9b75b8e0,1.0,22257_6fb4c50c,1.0,21495_ebbbd369,0.999999,22075_12b129d5,0.999999,23022_86e6a8a0,0.999998
21634_e5e20375,22891_b8c84495,0.919997,21051_5d118b91,0.919996,20813_726b2714,0.919996,23096_7da0f913,0.919993,21882_795be793,0.919986
21647_6b6cca6f,22717_08784417,0.918425,20546_87dbd755,0.917997,22415_658c81dd,0.912726,22125_e3a4cad4,0.90277,21492_8bd34fc1,0.842363
21656_964b0c84,21580_b8b2571b,0.9961,21762_90d34d16,0.99315,21450_ea24ffcc,0.988956,22442_7d5c5d5f,0.987568,20668_b2f2633e,0.986128
21665_2e14b6ff,20807_88c198d5,0.99999,23103_43bde2a6,0.999989,22304_33009be6,0.999922,21825_ce32b0a0,0.999919,20731_fbdc7731,0.999899
21685_93737a7a,22027_11a2e852,0.995467,20477_633cca4f,0.99348,20421_0fd51709,0.991083,22428_c1ffa51a,0.919306,23378_8d6426ae,0.918799
21690_5d1f3475,23439_18900af2,0.999994,23239_ba13cf5e,0.999994,22349_6f67a96e,0.999992,23021_047d1f8a,0.99999,20801_0796e2ee,0.999987
21692_777db9e2,21037_62248d34,0.919768,22057_4947db57,0.919745,20225_4ce6d59b,0.919732,22155_ab18f2b6,0.919732,22892_68138f24,0.919699
21695_1f33863f,21185_ac5324ba,0.999506,21737_87d83240,0.987781,21048_75cc125c,0.986972,21625_d5d4c9a7,0.984947,22078_1758e9fc,0.983738
21697_06656699,23233_ac09e2e5,0.999903,21511_d07c59c2,0.999496,23309_76dcf100,0.999235,22894_5f7c276d,0.999151,21352_c1101acb,0.999139
21700_28d193ac,21153_a2fb81fe,0.919351,23130_7417d5b3,0.918582,21425_d0d47a2a,0.918501,23002_4d53fb3f,0.918108,22900_09de4c7a,0.918017
21706_adfb2ece,20743_c8ea8159,0.999995,23409_e27e3b8b,0.99999,23128_cb135b1b,0.999988,21377_19909a40,0.999985,22162_439af02a,0.999975
21708_e61bd657,23162_7e2f3d77,0.919306,23226_8d1b5098,0.916359,22056_79373464,0.916117,22535_0ba01cc9,0.914306,21986_67c5509a,0.91423
21709_4dd88551,23233_ac09e2e5,0.919912,21697_06656699,0.919753,23309_76dcf100,0.919574,22652_dc7405ef,0.919282,21511_d07c59c2,0.919256
21715_53df62c9,23366_cc0bc28e,0.999984,22074_c0265b0d,0.999978,21600_0027c6fc,0.999948,23238_3c864758,0.999942,22062_2d6b3b72,0.999766
21718_1551037b,21352_d60bc953,0.904358,22533_e7298b05,0.901104,23144_88ca00a5,0.889149,22079_31335df2,0.886476,23195_2629864e,0.884232
21719_d60b8a4a,22448_1f21757a,0.999912,21550_0b16151d,0.999895,21390_4d1e2d9c,0.999884,20788_d25efea2,0.999883,23417_9a9e9937,0.9998
21722_68aeba65,22028_776fbf0d,0.990255,23419_ea47995f,0.981191,22211_b1ee53f0,0.975873,22065_0d414124,0.97471,21492_8bd34fc1,0.916667
21737_87d83240,21625_d5d4c9a7,0.999835,22078_1758e9fc,0.999596,22224_1e749c32,0.999463,21048_75cc125c,0.999311,22062_2d6b3b72,0.999119
21739_57582b8f,21744_5ae4d9d5,0.997377,22764_b884dce6,0.919868,20668_b2f2633e,0.919565,21093_1bda9bbe,0.919021,22405_20f11d58,0.918857
21741_c6faf98e,22492_047b125b,0.998983,23204_ff1672a9,0.994884,23195_2629864e,0.989558,22413_901f5867,0.987953,23144_88ca00a5,0.986869
21744_5ae4d9d5,21739_57582b8f,0.997377,20500_e88d8065,0.919723,19566_19d85d3b,0.919712,22890_4ecfa491,0.919559,23002_4d53fb3f,0.91841
21745_56cbe841,21092_32622a83,0.988277,21626_b34008e6,0.919933,23176_1bf2a2d5,0.919837,22323_aa6edb8b,0.919802,22776_facf9bcf,0.919765
21761_fdb5f86d,21265_7329c813,0.999999,22653_58d6287d,0.999999,20741_c337946f,0.999998,21612_e2981dae,0.999997,21614_5d6afa62,0.999997
21762_90d34d16,21580_b8b2571b,0.998386,21809_8bd6b10e,0.997441,20668_b2f2633e,0.993898,21656_964b0c84,0.99315,21024_9be3d461,0.99309
21776_fb0bfbc6,22135_2aa77ff2,0.999977,22014_5880c417,0.999965,21882_795be793,0.999958,21611_1d3ff1b6,0.999953,21051_5d118b91,0.999952
21779_b99623fc,23026_e6f08109,0.987593,20788_d25efea2,0.919994,22448_1f21757a,0.91999,23417_9a9e9937,0.919963,21390_4d1e2d9c,0.919962
21781_5985da6d,22843_cb38a007,1.0,22843_ff77027f,0.999999,22075_12b129d5,0.999999,22257_6fb4c50c,0.999999,22844_9b75b8e0,0.999998
21785_d595ced5,22498_b8bdb105,0.999969,20188_98b86c0f,0.999876,20340_86125547,0.999751,21761_fdb5f86d,0.92,20810_f6674f2d,0.919999
21790_aaf9224a,22987_37973191,0.999835,21858_f1409ea2,0.999301,21621_711e1918,0.999272,21365_ab403591,0.99909,22376_3ebc82a2,0.998947
21793_4ad5e2c0,23103_66470b7e,0.999993,23164_659c91ef,0.999991,22895_4533b542,0.99999,23440_5956321f,0.999989,23408_e5fd25ba,0.999989
21794_4d137e7d,23172_4ab01e83,0.999979,23213_3df3cb34,0.99997,23174_8ef93daf,0.999959,22710_77324fc2,0.999946,23008_3d1bb7b2,0.99994
21797_69df08d5,20818_098cad7c,0.919497,20959_d4905d19,0.919052,20279_aed6b3b3,0.919023,21805_2ba39d00,0.918853,23309_76dcf100,0.917642
21805_2ba39d00,22278_12f1fb79,0.999166,21839_a8eb6d34,0.999027,21977_ce9f4e71,0.998533,23378_8d6426ae,0.998458,21182_a480d230,0.998328
21806_616e985a,21062_c4ed6d45,1.0,22902_83870421,0.999999,23163_7b143a6f,0.999998,16550_e88d6986,0.999998,22668_9c30f6c0,0.999998
21809_8bd6b10e,21024_9be3d461,0.998413,20701_6dcbc975,0.997495,21762_90d34d16,0.997441,21918_976c2754,0.996236,20668_b2f2633e,0.994967
21810_718ae2fe,22140_9cda24cc,0.999983,22241_535ad84b,0.999946,20807_88c198d5,0.999892,22304_33009be6,0.999852,21665_2e14b6ff,0.999818
21816_3891a442,21552_4e9c19b1,0.999797,20505_017d4cc4,0.999674,23451_14c8d09e,0.999545,22612_28fe0ac2,0.999465,23176_1bf2a2d5,0.99933
21817_945cd3c9,21358_a69a36f3,0.999993,23035_6087bb57,0.999967,22826_199df203,0.99993,22577_cd96733e,0.999874,23434_6635ed57,0.999874
21825_ce32b0a0,20731_fbdc7731,0.999987,22508_6bb410af,0.999976,20822_5bb36119,0.999974,23103_43bde2a6,0.999959,21665_2e14b6ff,0.999919
21828_21ab2114,22365_a4eb929c,0.999981,22706_58a933f4,0.999951,23259_d655fcc1,0.999931,22311_553b3456,0.999918,22761_ca309655,0.999894
21831_54ca67d1,22216_4b032400,0.999988,21840_6847d36c,0.999969,21248_0a862e3e,0.999966,22761_ca309655,0.999902,20585_09b72895,0.999891
21836_5bc91e49,22414_14ead4a3,0.999857,22638_37f9fe91,0.999584,23468_a0bfb573,0.999362,23127_38d73061,0.999243,22095_af226cbc,0.999182
21837_b67d788c,21549_18160a0a,0.999943,23172_4ab01e83,0.99992,23213_3df3cb34,0.999917,22826_199df203,0.999903,21794_4d137e7d,0.999856
21838_5bc448b4,22893_eb8aa8ac,0.999976,22070_fd1b8e5e,0.999949,21849_a5f563a6,0.999923,22416_4cd31921,0.999857,22360_42cd6a21,0.999838
21839_a8eb6d34,22419_dfeb5d33,0.99972,21182_a480d230,0.999656,23101_6aec02ee,0.999345,22278_12f1fb79,0.999211,21805_2ba39d00,0.999027
21840_6847d36c,21831_54ca67d1,0.999969,22216_4b032400,0.999946,22761_ca309655,0.99994,22311_553b3456,0.999935,21248_0a862e3e,0.999924
21843_effbd24d,21081_72fa4ad1,0.99993,21845_dff8b3a1,0.999929,21121_1e9e7540,0.999872,20643_71ad3d26,0.999872,21352_c1101acb,0.999863
21845_dff8b3a1,21121_1e9e7540,0.999977,21843_effbd24d,0.999929,23155_d7305c5f,0.999886,21352_c1101acb,0.999873,22893_eb8aa8ac,0.999871
21848_0fff9631,23440_5956321f,0.999998,22671_fdd1b1e6,0.999995,20908_10574fbf,0.999994,22589_2c8f7c0b,0.99999,23164_659c91ef,0.999987
21849_a5f563a6,22070_fd1b8e5e,0.999972,22360_42cd6a21,0.999953,21838_5bc448b4,0.999923,22893_eb8aa8ac,0.999871,23155_d7305c5f,0.999846
21856_f84d9348,22852_dc1dbed6,0.995712,21496_f4025ad5,0.985159,23305_2662b29a,0.981922,21282_b2d83538,0.98101,22443_fa24c6f9,0.980964
21858_f1409ea2,21365_ab403591,0.999924,21503_34f299ca,0.99981,23331_192866b6,0.999733,23028_2ca87745,0.999614,21513_50fb4d62,0.999523
21859_35124f79,22404_66db7dd7,0.908545,21352_d60bc953,0.906228,21926_b4c7068b,0.898694,20870_dedaef5b,0.88128,22533_e7298b05,0.879015
21862_ec534e16,22136_a539c50b,0.999999,20806_ca60b7ae,0.999725,22154_24342da4,0.999708,22241_535ad84b,0.999624,21810_718ae2fe,0.999344
21865_c190b734,23184_731e5af0,0.999978,22671_fdd1b1e6,0.999974,20801_0796e2ee,0.999968,22749_346e10ae,0.999966,21848_0fff9631,0.999964
21882_795be793,21573_31a18ad0,0.999998,21611_1d3ff1b6,0.999996,21051_5d118b91,0.999995,20812_462bd352,0.999994,21617_ddd3657b,0.999992
21884_cc2c39f9,22074_c0265b0d,0.919969,23238_3c864758,0.919956,21715_53df62c9,0.919932,21600_0027c6fc,0.919919,20414_a33bd0d7,0.919908
21911_429c1a72,22180_ce7c3bd8,0.91997,19518_f220b68a,0.919933,21015_10304cb9,0.919912,20646_4cd14a72,0.919831,20259_de1ab632,0.919824
21912_3f74887c,21528_a5d5490f,0.92,21009_907a2a95,0.919788,22341_0f9c52ed,0.919692,22002_315afcfc,0.91965,23373_f5dac851,0.919534
21918_976c2754,20701_6dcbc975,0.999227,21024_9be3d461,0.99673,21809_8bd6b10e,0.996236,21153_a2fb81fe,0.993671,21425_d0d47a2a,0.992452
21923_41fa6eda,22011_0832eefe,0.999206,22092_897b0ffa,0.996393,22778_7d85debd,0.996052,22040_6461a147,0.992708,23132_1847c4ef,0.91996
21924_bbd9f7a9,22428_c1ffa51a,0.999354,23154_7c74d190,0.999093,23378_8d6426ae,0.998854,22278_12f1fb79,0.997137,21805_2ba39d00,0.995623
21926_b4c7068b,20746_57a7b346,0.985686,20870_dedaef5b,0.977383,21450_ea24ffcc,0.954001,21656_964b0c84,0.918642,22442_7d5c5d5f,0.915688
21941_1a683ec2,22242_4ceddc2b,0.918252,23226_8d1b5098,0.838719,20787_ed64ff5e,0.837865,23123_f35404c4,0.836795,21545_4384f96e,0.836669
21958_e48ddf4e,22659_0e686e14,0.999944,21386_e234c6b6,0.999939,22434_2ad62ed6,0.999931,22312_3f366a4a,0.99991,22245_ca848576,0.9999
21961_1a090a8b,22049_4da0d894,0.999939,23178_eb4b4280,0.999886,20585_09b72895,0.999837,21248_0a862e3e,0.999836,23102_211ad1db,0.999791
21974_1997ebc3,22617_a286f13c,0.999976,23174_8ef93daf,0.999941,22469_9d87f800,0.999931,23417_9a9e9937,0.999909,22586_ff3651b2,0.999889
21976_807c9b26,22131_6b4b60f8,0.999966,22043_041e1b7c,0.999761,22837_7644c972,0.999645,22747_3f6faf4c,0.999603,22180_ce7c3bd8,0.999477
21977_ce9f4e71,22421_19401bdd,0.99948,22894_5f7c276d,0.999456,23377_690165aa,0.999374,23101_6aec02ee,0.99929,21182_a480d230,0.999198
21979_29f59427,20701_6dcbc975,0.919559,21918_976c2754,0.919038,21809_8bd6b10e,0.916217,21700_28d193ac,0.915955,21024_9be3d461,0.915856
21982_bdafa78d,22245_ca848576,0.985551,23468_a0bfb573,0.984403,22312_3f366a4a,0.984222,23170_6ea8ded5,0.984011,21958_e48ddf4e,0.983981
21986_67c5509a,22535_0ba01cc9,0.919479,21545_4384f96e,0.919318,22056_79373464,0.919194,22581_406c16c4,0.918932,23226_8d1b5098,0.91827
21989_a0b5037d,23120_f7c9092f,0.996655,23380_abffc859,0.991423,22251_88fd728c,0.990869,23379_636204a6,0.990178,23252_ef165bed,0.989733
21990_7bb6efcf,22367_b4a67e61,0.999356,21448_5646a1b6,0.999339,22508_6bb410af,0.999332,20731_fbdc7731,0.999314,20822_5bb36119,0.999311
21991_ab98f156,23053_139f2009,0.916789,23251_3eb3d2e6,0.913527,23495_6366269c,0.913149,22910_97f0cc18,0.913122,20533_0a3e112b,0.91292
21994_357aac6f,21184_971559b6,0.919762,21533_8837772a,0.919678,22270_c6999138,0.919589,23219_40625e2c,0.919494,23209_1592b0a4,0.919187
22002_315afcfc,22776_facf9bcf,0.999962,21009_907a2a95,0.999755,21528_a5d5490f,0.99965,23451_14c8d09e,0.999194,21816_3891a442,0.999178
22011_0832eefe,21923_41fa6eda,0.999206,22778_7d85debd,0.998039,22092_897b0ffa,0.997355,22040_6461a147,0.995882,21626_b34008e6,0.919844
22014_5880c417,21357_9edfc0a0,0.999993,22133_465d7a91,0.999981,22135_2aa77ff2,0.999976,21776_fb0bfbc6,0.999965,21140_8d150c65,0.999955
22017_6d3be48d,22082_39503fa6,0.99469,23176_1bf2a2d5,0.992313,22474_b10fea1a,0.991572,23132_1847c4ef,0.991002,22228_1c82530b,0.990816
22021_520ec8c3,22323_aa6edb8b,0.919455,23176_1bf2a2d5,0.919097,21745_56cbe841,0.918946,22341_0f9c52ed,0.918547,21816_3891a442,0.918528
22026_62afa265,20429_9dd95c38,0.919997,22367_b4a67e61,0.919996,20438_5f344b00,0.919974,21448_5646a1b6,0.919931,22236_db209dff,0.919918
22027_11a2e852,20477_633cca4f,0.999434,20421_0fd51709,0.999148,21685_93737a7a,0.995467,22421_19401bdd,0.919832,23101_6aec02ee,0.919731
22028_776fbf0d,23419_ea47995f,0.99758,22065_0d414124,0.993839,22211_b1ee53f0,0.992403,21722_68aeba65,0.990255,22306_c3dca308,0.913109
22035_101c7ab4,21429_6d2d3974,0.990608,20421_38b63ca5,0.91988,20779_fc5a7c3d,0.919654,21365_ab403591,0.919634,20755_4b5e61bf,0.919629
22040_6461a147,22778_7d85debd,0.999385,22092_897b0ffa,0.998422,22011_0832eefe,0.995882,21923_41fa6eda,0.992708,20215_e2eb3082,0.919897
22043_041e1b7c,22131_6b4b60f8,0.999889,21976_807c9b26,0.999761,22053_de30641b,0.999734,22837_7644c972,0.999484,22270_c6999138,0.999007
22045_ead71aca,21513_50fb4d62,0.999947,20892_b1f89c8d,0.999871,22059_b7d76712,0.999857,22729_232da678,0.999838,23028_2ca87745,0.999827
22046_fe3bae6e,20278_d442e77d,0.918171,22085_e039a7d3,0.91552,23044_9a964a68,0.914944,22666_bdaa1303,0.91146,21590_7d092186,0.908121
22047_5a090f16,22241_535ad84b,0.919906,22136_a539c50b,0.919883,21862_ec534e16,0.919865,20451_557fe5cd,0.919799,20451_84d8b290,0.919799
22049_4da0d894,21961_1a090a8b,0.999939,20585_09b72895,0.999874,20682_e208cc63,0.999839,22892_68138f24,0.999817,21248_0a862e3e,0.999785
22050_e8702dd4,21603_98a15295,0.999678,21176_b5c72bfb,0.919947,22259_613f9d44,0.919916,21467_67965037,0.919911,21478_8fbd4409,0.919905
22053_de30641b,22043_041e1b7c,0.999734,22270_c6999138,0.999572,22131_6b4b60f8,0.999497,21976_807c9b26,0.999241,22837_7644c972,0.998482
22056_79373464,23162_7e2f3d77,0.998522,22491_a33562ad,0.998216,23226_8d1b5098,0.997626,22581_406c16c4,0.996713,23123_f35404c4,0.994851
22057_4947db57,22892_68138f24,0.999997,20682_e208cc63,0.999994,22155_ab18f2b6,0.999972,22886_a6331748,0.99995,21037_62248d34,0.999945
22058_71feafda,23311_ad36a9ec,1.0,21581_8f948e0b,0.999999,22843_cb38a007,0.999998,22843_ff77027f,0.999997,21781_5985da6d,0.999996
22059_b7d76712,20892_b1f89c8d,0.999974,21513_50fb4d62,0.999959,22045_ead71aca,0.999857,21224_18ba4aba,0.99977,22072_5163223a,0.999715
22061_b50b6b66,20285_b64b1a7e,0.919962,20421_83f66ddc,0.919948,21737_87d83240,0.919942,21625_d5d4c9a7,0.919658,20504_c9e14c9d,0.919478
22062_2d6b3b72,22224_1e749c32,0.999946,22074_c0265b0d,0.999768,21715_53df62c9,0.999766,21600_0027c6fc,0.999765,23366_cc0bc28e,0.999764
22064_e1ba20dd,23387_c4aa9424,0.999972,23339_87a4d11f,0.999963,23435_e1c96b4d,0.999939,21353_4686c90c,0.999903,21274_2fb8c3f5,0.999822
22065_0d414124,22211_b1ee53f0,0.999444,23419_ea47995f,0.998717,22028_776fbf0d,0.993839,21722_68aeba65,0.97471,22306_c3dca308,0.919065
22066_308cdcfe,20849_9821b6fe,0.999995,22313_3a8b93dc,0.999987,22577_cd96733e,0.99998,23505_161e8ec5,0.999979,23434_6635ed57,0.999962
22067_624b28e3,22214_b098105d,0.999874,22378_234fea2c,0.999826,21588_0c48dc5f,0.999775,23265_07de6a0b,0.99961,23215_08a54de0,0.999578
22070_fd1b8e5e,21849_a5f563a6,0.999972,21838_5bc448b4,0.999949,22360_42cd6a21,0.999948,22893_eb8aa8ac,0.999903,23155_d7305c5f,0.999869
22072_5163223a,21224_18ba4aba,0.999953,20892_b1f89c8d,0.999845,22729_232da678,0.999756,22059_b7d76712,0.999715,22045_ead71aca,0.999654
22073_951645ae,21326_ab4d6c43,0.999965,20646_4cd14a72,0.999916,20647_cea2e07c,0.999913,22747_3f6faf4c,0.999905,22378_234fea2c,0.999786
22074_c0265b0d,23238_3c864758,0.999988,21715_53df62c9,0.999978,21600_0027c6fc,0.99997,23366_cc0bc28e,0.999954,23354_8182b4eb,0.999802
22075_12b129d5,21781_5985da6d,0.999999,22844_9b75b8e0,0.999999,21495_ebbbd369,0.999999,21630_316322ff,0.999999,22257_6fb4c50c,0.999999
22076_20e8a107,23053_139f2009,0.985638,23048_8a1a5553,0.982098,23495_6366269c,0.978198,21063_037107dc,0.975927,23251_3eb3d2e6,0.975778
22078_1758e9fc,21625_d5d4c9a7,0.999784,22224_1e749c32,0.999765,22062_2d6b3b72,0.999708,22681_124bf3a9,0.999668,21737_87d83240,0.999596
22079_31335df2,22483_f4e4b62a,0.915704,22492_047b125b,0.914354,21741_c6faf98e,0.9138,22413_901f5867,0.910018,23195_2629864e,0.904796
22080_594bcb66,23438_b1ef78f4,0.939068,20792_d2ea0500,0.864612,22678_ff42f120,0.859841,20990_0a226634,0.859315,21961_1a090a8b,0.859286
22081_ab3124af,22528_f3370a64,0.999347,23083_fdb942ac,0.99911,20765_99d0665e,0.998911,22910_97f0cc18,0.998577,22827_f33929ec,0.998549
22082_39503fa6,22474_b10fea1a,0.998106,22228_1c82530b,0.997572,23176_1bf2a2d5,0.997532,23132_1847c4ef,0.997108,23466_1cf60d09,0.996444
22085_e039a7d3,22440_014f1bac,0.994649,23044_9a964a68,0.983578,23466_1cf60d09,0.980229,22228_1c82530b,0.979458,22474_b10fea1a,0.976207
22092_897b0ffa,22778_7d85debd,0.99935,22040_6461a147,0.998422,22011_0832eefe,0.997355,21923_41fa6eda,0.996393,20989_d1b8b0f8,0.919908
22095_af226cbc,23127_38d73061,0.999912,23221_42f37ae3,0.999881,22259_613f9d44,0.999709,22638_37f9fe91,0.99939,22049_4da0d894,0.999278
22125_e3a4cad4,22717_08784417,0.973636,22415_658c81dd,0.910961,21647_6b6cca6f,0.90277,20546_87dbd755,0.896647,20799_213bf924,0.891147
22126_e1cca10f,23132_1847c4ef,0.919868,21923_41fa6eda,0.91979,21009_907a2a95,0.919645,23363_60e39812,0.919573,23373_f5dac851,0.919405
22129_48b47c52,22154_24342da4,0.999809,20806_ca60b7ae,0.999798,20946_6573271d,0.99969,22147_12995368,0.999571,21257_770fee9a,0.999303
22131_6b4b60f8,21976_807c9b26,0.999966,22043_041e1b7c,0.999889,22837_7644c972,0.999582,22053_de30641b,0.999497,22747_3f6faf4c,0.999374
22133_465d7a91,22135_2aa77ff2,0.999991,21357_9edfc0a0,0.99999,22014_5880c417,0.999981,22374_aa5bb54d,0.999962,21062_c4ed6d45,0.999951
22134_5e72e871,23308_245d257c,0.999989,21563_c72d37a2,0.99997,22383_e5f707a7,0.999965,21377_19909a40,0.999962,21566_ff590631,0.999956
22135_2aa77ff2,22133_465d7a91,0.999991,21776_fb0bfbc6,0.999977,22014_5880c417,0.999976,21357_9edfc0a0,0.999973,22374_aa5bb54d,0.999964
22136_a539c50b,21862_ec534e16,0.999999,20806_ca60b7ae,0.999695,22154_24342da4,0.999678,22241_535ad84b,0.999654,21810_718ae2fe,0.999385
22140_9cda24cc,21810_718ae2fe,0.999983,20807_88c198d5,0.999933,22241_535ad84b,0.999892,21665_2e14b6ff,0.999875,22304_33009be6,0.99984
22141_5db99710,22983_0ab3faaf,0.999919,22678_ff42f120,0.999903,23037_d0df320c,0.9999,20609_69f28932,0.999874,21497_9833a679,0.999872
22142_7891a26a,20804_0dcacc66,1.0,21119_4f5c95a6,1.0,21139_cd619b26,1.0,23403_e539620b,1.0,21243_3ec5d732,0.999999
22147_12995368,20946_6573271d,0.999984,21257_770fee9a,0.999956,20551_ff28a959,0.999716,22129_48b47c52,0.999571,22154_24342da4,0.998813
22154_24342da4,20806_ca60b7ae,0.999999,22129_48b47c52,0.999809,21862_ec534e16,0.999708,22136_a539c50b,0.999678,20946_6573271d,0.999028
22155_ab18f2b6,22886_a6331748,0.999995,20682_e208cc63,0.999975,22057_4947db57,0.999972,22892_68138f24,0.999967,20585_09b72895,0.99995
22162_439af02a,23128_cb135b1b,0.999998,21377_19909a40,0.999997,20743_c8ea8159,0.999989,21706_adfb2ece,0.999975,23308_245d257c,0.999969
22168_a84560a9,21081_72fa4ad1,0.919956,22417_4a15d62e,0.919867,23329_6939d5d9,0.919864,20697_d3e106b4,0.919858,20421_0fd51709,0.919844
22178_976d2411,23199_75dc1efd,1.0,16550_e88d6986,1.0,23163_7b143a6f,0.999999,22839_113f2990,0.999999,21139_cd619b26,0.999999
22180_ce7c3bd8,22747_3f6faf4c,0.999916,20646_4cd14a72,0.999893,21015_10304cb9,0.99989,20647_cea2e07c,0.999856,22378_234fea2c,0.999796
22193_c8773ded,22827_f33929ec,0.999527,20765_99d0665e,0.998267,22910_97f0cc18,0.997797,22081_ab3124af,0.997405,22528_f3370a64,0.996559
22196_0deb2e34,22196_e5bf8c9d,0.999993,22197_94c66357,0.99989,20676_9715ec9c,0.998613,22197_66c5655e,0.919992,20779_fc5a7c3d,0.919862
22196_e5bf8c9d,22196_0deb2e34,0.999993,22197_94c66357,0.999927,20676_9715ec9c,0.998769,22197_66c5655e,0.919994,20421_49bd1188,0.919889
22197_66c5655e,22196_e5bf8c9d,0.919994,22196_0deb2e34,0.919992,22197_94c66357,0.919911,20421_49bd1188,0.919889,20779_fc5a7c3d,0.919877
22197_94c66357,22196_e5bf8c9d,0.999927,22196_0deb2e34,0.99989,20676_9715ec9c,0.999134,21974_1997ebc3,0.919945,22617_a286f13c,0.919941
22199_8ec9eeb2,22630_b6010fff,0.995401,20554_abcb705e,0.987297,20899_a8d7c6d5,0.919825,22534_e899f645,0.919342,23466_1cf60d09,0.919017
22210_649a5363,23406_1d36b046,1.0,21610_5dcf1187,0.999997,21616_c6c3347a,0.999996,21140_8d150c65,0.999996,21612_e2981dae,0.999996
22211_b1ee53f0,22065_0d414124,0.999444,23419_ea47995f,0.99778,22028_776fbf0d,0.992403,21722_68aeba65,0.975873,22717_08784417,0.922195
22214_b098105d,22067_624b28e3,0.999874,21588_0c48dc5f,0.999808,23265_07de6a0b,0.999792,23215_08a54de0,0.99976,22378_234fea2c,0.999735
22216_4b032400,21831_54ca67d1,0.999988,21248_0a862e3e,0.999985,21840_6847d36c,0.999946,20585_09b72895,0.999906,22761_ca309655,0.99986
22218_2f85f6ae,21529_93e51dd9,0.919889,20504_c9e14c9d,0.919863,22061_b50b6b66,0.919183,20421_83f66ddc,0.919022,21737_87d83240,0.918856
22224_1e749c32,22062_2d6b3b72,0.999946,21625_d5d4c9a7,0.999878,22078_1758e9fc,0.999765,22681_124bf3a9,0.999524,23366_cc0bc28e,0.999512
22227_aca28ff2,21615_f2ecc6e8,0.99981,22746_920025a0,0.999796,23343_f000bdae,0.999792,23369_447545f6,0.999728,21599_80057f94,0.998582
22228_1c82530b,22474_b10fea1a,0.999831,23466_1cf60d09,0.998736,23132_1847c4ef,0.998475,23363_60e39812,0.997683,22082_39503fa6,0.997572
22232_cb53774e,22461_0ba0e480,0.919865,20688_955aae0c,0.919779,22341_0f9c52ed,0.919712,22092_897b0ffa,0.919688,20989_d1b8b0f8,0.919666
22236_db209dff,21564_fa5b2db7,0.999984,22283_36ba29c9,0.999969,22367_b4a67e61,0.999937,21448_5646a1b6,0.999932,20822_5bb36119,0.999919
22241_535ad84b,21810_718ae2fe,0.999946,22140_9cda24cc,0.999892,20807_88c198d5,0.9997,22304_33009be6,0.999686,22136_a539c50b,0.999654
22242_4ceddc2b,23282_a1b17daa,0.91841,21941_1a683ec2,0.918252,23123_f35404c4,0.916442,23226_8d1b5098,0.915098,22581_406c16c4,0.914059
22245_ca848576,21958_e48ddf4e,0.9999,23170_6ea8ded5,0.999891,22312_3f366a4a,0.999887,21271_ec7f62b8,0.999847,22659_0e686e14,0.999839
22251_88fd728c,23283_fadf3820,0.999918,23379_636204a6,0.999894,23313_210c6783,0.999695,23252_ef165bed,0.999038,23045_a8c4e4bc,0.998674
22257_6fb4c50c,21630_316322ff,1.0,22844_9b75b8e0,0.999999,21781_5985da6d,0.999999,22075_12b129d5,0.999999,21495_ebbbd369,0.999998
22259_613f9d44,23221_42f37ae3,0.999946,23127_38d73061,0.999857,20609_69f28932,0.999802,23320_e0711ae9,0.999794,22678_ff42f120,0.999748
22261_6efe61e3,20342_c140780b,0.92,23403_e539620b,0.919999,20947_115d4058,0.919999,23351_6104d55d,0.919999,22142_7891a26a,0.919999
22266_078a1f68,21539_cfe1f7fd,0.919934,22228_1c82530b,0.919768,22474_b10fea1a,0.919699,23466_1cf60d09,0.91934,20899_a8d7c6d5,0.918567
22270_c6999138,22053_de30641b,0.999572,21184_971559b6,0.999552,22043_041e1b7c,0.999007,22131_6b4b60f8,0.998345,21976_807c9b26,0.997915
22278_12f1fb79,23378_8d6426ae,0.999578,21839_a8eb6d34,0.999211,21805_2ba39d00,0.999166,23377_690165aa,0.998986,22428_c1ffa51a,0.998656
22283_36ba29c9,21564_fa5b2db7,0.999995,22236_db209dff,0.999969,21825_ce32b0a0,0.999903,20822_5bb36119,0.999896,22508_6bb410af,0.999895
22298_51433023,23226_8d1b5098,0.997118,23123_f35404c4,0.996248,23195_2629864e,0.995727,22056_79373464,0.994751,22581_406c16c4,0.993684
22304_33009be6,20807_88c198d5,0.999936,21665_2e14b6ff,0.999922,23103_43bde2a6,0.999917,21810_718ae2fe,0.999852,22140_9cda24cc,0.99984
22306_c3dca308,22211_b1ee53f0,0.91988,22065_0d414124,0.919065,23273_8f301ce3,0.918809,23419_ea47995f,0.917754,22028_776fbf0d,0.913109
22311_553b3456,21133_f9a1614e,0.999975,21840_6847d36c,0.999935,22434_2ad62ed6,0.999927,21828_21ab2114,0.999918,22365_a4eb929c,0.99991
22312_3f366a4a,23170_6ea8ded5,0.999991,21271_ec7f62b8,0.999963,22434_2ad62ed6,0.999948,21497_9833a679,0.999923,21958_e48ddf4e,0.99991
22313_3a8b93dc,22066_308cdcfe,0.999987,23505_161e8ec5,0.999985,20849_9821b6fe,0.999979,22345_bc482c26,0.999979,23409_e27e3b8b,0.999966
22323_aa6edb8b,21745_56cbe841,0.919802,22341_0f9c52ed,0.919699,22776_facf9bcf,0.919628,21816_3891a442,0.919604,22002_315afcfc,0.919602
22331_152ee5c0,21329_1bfecd1d,0.999015,21839_a8eb6d34,0.919591,21805_2ba39d00,0.919543,22278_12f1fb79,0.919369,22419_dfeb5d33,0.918688
22334_677d00e0,21429_6d2d3974,0.919782,22251_88fd728c,0.919729,23283_fadf3820,0.919685,23379_636204a6,0.919592,23252_ef165bed,0.919548
22341_0f9c52ed,22002_315afcfc,0.919971,22776_facf9bcf,0.919906,20141_b9376856,0.919828,22461_0ba0e480,0.919824,23373_f5dac851,0.919805
22345_bc482c26,23505_161e8ec5,0.999988,23409_e27e3b8b,0.999987,22313_3a8b93dc,0.999979,21706_adfb2ece,0.999967,22066_308cdcfe,0.999952
22349_6f67a96e,23311_ad36a9ec,0.999994,22058_71feafda,0.999994,23021_047d1f8a,0.999993,23239_ba13cf5e,0.999992,21690_5d1f3475,0.999992
22357_e2f7b060,21557_53eafe15,0.91734,22787_49022c32,0.91633,22430_c6f08b03,0.911247,21421_fb12b69b,0.910326,22670_9353c710,0.909855
22360_42cd6a21,21849_a5f563a6,0.999953,22070_fd1b8e5e,0.999948,21838_5bc448b4,0.999838,23155_d7305c5f,0.999777,21174_861bd902,0.999775
22365_a4eb929c,21828_21ab2114,0.999981,23259_d655fcc1,0.999976,22761_ca309655,0.999913,22311_553b3456,0.99991,22706_58a933f4,0.999909
22367_b4a67e61,21448_5646a1b6,0.999939,22236_db209dff,0.999937,21384_b9774b93,0.999887,20822_5bb36119,0.999885,21564_fa5b2db7,0.999882
22372_e91792a1,21503_34f299ca,0.919966,23413_6702ec7f,0.919966,23331_192866b6,0.919946,23028_2ca87745,0.919863,21008_a3fec63b,0.919837
22374_aa5bb54d,20803_473c87ac,0.999995,20994_9c88b1ba,0.999994,23215_08a54de0,0.999976,22135_2aa77ff2,0.999964,22133_465d7a91,0.999962
22376_3ebc82a2,21621_711e1918,0.999558,21790_aaf9224a,0.998947,22987_37973191,0.998607,21552_4e9c19b1,0.998346,20858_15bdad00,0.997776
22377_d490f505,23265_07de6a0b,0.999967,21015_10304cb9,0.999911,21588_0c48dc5f,0.999904,20951_2918f2fa,0.999884,20647_cea2e07c,0.999874
22378_234fea2c,21588_0c48dc5f,0.999967,20646_4cd14a72,0.9999,20647_cea2e07c,0.999898,21015_10304cb9,0.999858,22747_3f6faf4c,0.99985
22383_e5f707a7,21563_c72d37a2,0.999995,23008_3d1bb7b2,0.999978,21566_ff590631,0.999971,22134_5e72e871,0.999965,23214_0c411aa1,0.999963
22399_97987ada,21828_21ab2114,0.919968,22706_58a933f4,0.919946,22365_a4eb929c,0.91994,23259_d655fcc1,0.91991,20680_b095cb77,0.919904
22402_a62e84b4,22405_20f11d58,0.999949,20668_b2f2633e,0.999283,22890_4ecfa491,0.995733,21024_9be3d461,0.994713,22193_c8773ded,0.993925
22404_66db7dd7,21859_35124f79,0.908545,21352_d60bc953,0.894035,21718_1551037b,0.844506,20544_43691724,0.824256,20952_b8a54213,0.81448
22405_20f11d58,22402_a62e84b4,0.999949,20668_b2f2633e,0.999227,22890_4ecfa491,0.995538,21024_9be3d461,0.994692,22193_c8773ded,0.993089
22413_901f5867,23271_f833d903,0.998246,23235_f9ccb8b0,0.997342,23195_2629864e,0.996835,21582_a3d32115,0.989878,22298_51433023,0.989613
22414_14ead4a3,22638_37f9fe91,0.999886,21836_5bc91e49,0.999857,23468_a0bfb573,0.999555,23127_38d73061,0.999355,22095_af226cbc,0.999244
22415_658c81dd,21647_6b6cca6f,0.912726,20546_87dbd755,0.912225,22125_e3a4cad4,0.910961,22717_08784417,0.908811,20799_213bf924,0.828097
22416_4cd31921,22893_eb8aa8ac,0.999936,23155_d7305c5f,0.999866,21838_5bc448b4,0.999857,21845_dff8b3a1,0.999836,21843_effbd24d,0.999808
22417_4a15d62e,20245_f1b25d43,0.986743,20745_3e22ad07,0.949266,23329_6939d5d9,0.919911,20697_d3e106b4,0.919889,21081_72fa4ad1,0.919889
22418_2722dfe8,23417_9a9e9937,0.919988,22617_a286f13c,0.919982,22469_9d87f800,0.91997,21974_1997ebc3,0.919955,21390_4d1e2d9c,0.919939
22419_dfeb5d33,21182_a480d230,0.999846,21839_a8eb6d34,0.99972,23101_6aec02ee,0.999683,21174_861bd902,0.999471,22894_5f7c276d,0.999257
22421_19401bdd,23101_6aec02ee,0.999818,20697_d3e106b4,0.999746,22894_5f7c276d,0.999584,20643_71ad3d26,0.999566,23377_690165aa,0.999563
22428_c1ffa51a,23378_8d6426ae,0.999536,21924_bbd9f7a9,0.999354,22278_12f1fb79,0.998656,23154_7c74d190,0.998099,21805_2ba39d00,0.997615
22430_c6f08b03,21582_a3d32115,0.990353,21244_d67bbabc,0.985343,23235_f9ccb8b0,0.984279,21557_53eafe15,0.983823,23271_f833d903,0.9765
22434_2ad62ed6,21271_ec7f62b8,0.999975,21133_f9a1614e,0.999965,22312_3f366a4a,0.999948,22762_dcbdd14d,0.999939,23170_6ea8ded5,0.999939
22440_014f1bac,23466_1cf60d09,0.994771,22085_e039a7d3,0.994649,22228_1c82530b,0.994524,22474_b10fea1a,0.992739,23132_1847c4ef,0.988051
22442_7d5c5d5f,21450_ea24ffcc,0.989554,21656_964b0c84,0.987568,22402_a62e84b4,0.98138,22405_20f11d58,0.981119,20668_b2f2633e,0.979957
22443_fa24c6f9,21035_d308c5c4,0.996719,21091_bbf490e7,0.996683,20858_15bdad00,0.996358,21282_b2d83538,0.995931,21281_6e562106,0.995899
22448_1f21757a,20788_d25efea2,0.999994,21390_4d1e2d9c,0.999977,21550_0b16151d,0.99995,23417_9a9e9937,0.999938,21719_d60b8a4a,0.999912
22461_0ba0e480,22232_cb53774e,0.919865,22341_0f9c52ed,0.919824,22002_315afcfc,0.919807,20688_955aae0c,0.919799,20141_b9376856,0.919761
22469_9d87f800,23417_9a9e9937,0.999974,22617_a286f13c,0.999948,21974_1997ebc3,0.999931,21390_4d1e2d9c,0.999914,21531_79015e13,0.999866
22472_f65d3470,22749_346e10ae,0.999979,22899_5b97e4f5,0.999976,20801_0796e2ee,0.99997,23184_731e5af0,0.999963,21274_2fb8c3f5,0.999953
22474_b10fea1a,22228_1c82530b,0.999831,23132_1847c4ef,0.999022,23466_1cf60d09,0.998427,23363_60e39812,0.998182,22082_39503fa6,0.998106
22483_f4e4b62a,22079_31335df2,0.915704,23422_f214bd4d,0.912268,20351_dc6e4e1e,0.91128,22492_047b125b,0.910582,21741_c6faf98e,0.908623
22491_a33562ad,22056_79373464,0.998216,22581_406c16c4,0.996313,23162_7e2f3d77,0.995134,23123_f35404c4,0.993548,23226_8d1b5098,0.993382
22492_047b125b,21741_c6faf98e,0.998983,23204_ff1672a9,0.995921,23195_2629864e,0.986639,23144_88ca00a5,0.986369,22413_901f5867,0.98505
22498_b8bdb105,21785_d595ced5,0.999969,20188_98b86c0f,0.999913,20340_86125547,0.999774,21495_ebbbd369,0.919998,20947_115d4058,0.919998
22508_6bb410af,20731_fbdc7731,0.999996,20822_5bb36119,0.999994,21825_ce32b0a0,0.999976,23103_43bde2a6,0.999919,22236_db209dff,0.999897
22528_f3370a64,23083_fdb942ac,0.99967,22081_ab3124af,0.999347,20765_99d0665e,0.998136,23002_4d53fb3f,0.99797,22910_97f0cc18,0.997179
22533_e7298b05,23144_88ca00a5,0.997553,23195_2629864e,0.995057,22413_901f5867,0.987704,22298_51433023,0.986254,23204_ff1672a9,0.984673
22534_e899f645,20899_a8d7c6d5,0.9197,22011_0832eefe,0.919633,20319_9f53cd7c,0.9194,21028_d4d30a2e,0.919355,22199_8ec9eeb2,0.919342
22535_0ba01cc9,22056_79373464,0.919757,21986_67c5509a,0.919479,22491_a33562ad,0.918987,21545_4384f96e,0.91784,23162_7e2f3d77,0.917343
22561_067b78ae,23037_d0df320c,0.919982,22983_0ab3faaf,0.919979,22762_dcbdd14d,0.919974,21271_ec7f62b8,0.919974,22678_ff42f120,0.91996
22576_d05619d1,20620_8a5226b4,0.919986,21838_5bc448b4,0.919129,22893_eb8aa8ac,0.91904,21849_a5f563a6,0.919032,22360_42cd6a21,0.918974
22577_cd96733e,22066_308cdcfe,0.99998,23434_6635ed57,0.999979,20849_9821b6fe,0.999974,22313_3a8b93dc,0.999951,23505_161e8ec5,0.999928
22581_406c16c4,23123_f35404c4,0.998973,23226_8d1b5098,0.997634,22056_79373464,0.996713,22491_a33562ad,0.996313,23162_7e2f3d77,0.99476
22586_ff3651b2,20925_dc64a33a,0.999983,23174_8ef93daf,0.999956,21566_ff590631,0.999954,23008_3d1bb7b2,0.999948,22383_e5f707a7,0.999908
22589_2c8f7c0b,20908_10574fbf,0.999994,21848_0fff9631,0.99999,23440_5956321f,0.999983,22671_fdd1b1e6,0.99998,21353_4686c90c,0.999975
22612_28fe0ac2,23451_14c8d09e,0.99998,20505_017d4cc4,0.999919,21816_3891a442,0.999465,21552_4e9c19b1,0.999273,22002_315afcfc,0.999119
22617_a286f13c,21974_1997ebc3,0.999976,22469_9d87f800,0.999948,23417_9a9e9937,0.999945,23174_8ef93daf,0.999906,21390_4d1e2d9c,0.9999
22630_b6010fff,22199_8ec9eeb2,0.995401,20554_abcb705e,0.983595,21164_de08f61e,0.91873,22082_39503fa6,0.918353,21028_d4d30a2e,0.917582
22638_37f9fe91,22414_14ead4a3,0.999886,21836_5bc91e49,0.999584,23468_a0bfb573,0.999437,23127_38d73061,0.99943,22095_af226cbc,0.99939
22652_dc7405ef,21697_06656699,0.919719,23233_ac09e2e5,0.91948,21709_4dd88551,0.919282,23467_9f431540,0.919061,21511_d07c59c2,0.918953
22653_58d6287d,20741_c337946f,1.0,21265_7329c813,0.999999,21761_fdb5f86d,0.999999,21612_e2981dae,0.999998,21614_5d6afa62,0.999998
22654_4c426b0f,22414_14ead4a3,0.919908,22638_37f9fe91,0.919891,23468_a0bfb573,0.919776,7780_6c885e81,0.919699,21836_5bc91e49,0.919618
22659_0e686e14,21958_e48ddf4e,0.999944,21386_e234c6b6,0.99994,23037_d0df320c,0.999934,22434_2ad62ed6,0.999903,21271_ec7f62b8,0.999886
22666_bdaa1303,22440_014f1bac,0.918352,22085_e039a7d3,0.917915,21590_7d092186,0.916813,20278_d442e77d,0.916202,20176_a02bde39,0.915286
22668_9c30f6c0,22902_83870421,1.0,21047_60d69af3,1.0,22907_ff18dbd5,1.0,21616_c6c3347a,0.999999,21806_616e985a,0.999998
22670_9353c710,23235_f9ccb8b0,0.919557,23271_f833d903,0.917818,22413_901f5867,0.915697,21582_a3d32115,0.912816,22357_e2f7b060,0.909855
22671_fdd1b1e6,23184_731e5af0,0.999998,21848_0fff9631,0.999995,23440_5956321f,0.999995,23239_ba13cf5e,0.99999,23439_18900af2,0.99999
22678_ff42f120,20609_69f28932,0.999959,23320_e0711ae9,0.999943,23037_d0df320c,0.999941,22983_0ab3faaf,0.999928,21271_ec7f62b8,0.999905
22680_1f4026f6,21837_b67d788c,0.999816,23434_6635ed57,0.999787,22045_ead71aca,0.999783,22826_199df203,0.999769,22577_cd96733e,0.999755
22681_124bf3a9,23354_8182b4eb,0.999921,23238_3c864758,0.999834,22074_c0265b0d,0.999795,21600_0027c6fc,0.999747,22062_2d6b3b72,0.999729
22706_58a933f4,21828_21ab2114,0.999951,22365_a4eb929c,0.999909,21840_6847d36c,0.999897,22761_ca309655,0.999887,23259_d655fcc1,0.999879
22710_77324fc2,23214_0c411aa1,0.999981,23008_3d1bb7b2,0.999979,23172_4ab01e83,0.999971,22383_e5f707a7,0.999961,21563_c72d37a2,0.999957
22717_08784417,22125_e3a4cad4,0.973636,22211_b1ee53f0,0.922195,21647_6b6cca6f,0.918425,20546_87dbd755,0.917034,23511_8651ac1f,0.911428
22727_c514268a,20797_78b83489,0.91966,23036_7f9d143f,0.919027,21281_6e562106,0.919026,23501_6c48b3c1,0.919021,23473_1dfa6e40,0.919018
22729_232da678,22045_ead71aca,0.999838,22072_5163223a,0.999756,21513_50fb4d62,0.999755,21275_c8049742,0.999744,20892_b1f89c8d,0.999743
22732_cd2af0ac,23239_ba13cf5e,0.919993,23439_18900af2,0.919992,22746_920025a0,0.919991,21690_5d1f3475,0.919988,23164_659c91ef,0.919988
22746_920025a0,23369_447545f6,0.999918,21615_f2ecc6e8,0.999901,23343_f000bdae,0.999877,22227_aca28ff2,0.999796,21599_80057f94,0.998902
22747_3f6faf4c,22180_ce7c3bd8,0.999916,22073_951645ae,0.999905,20646_4cd14a72,0.999897,20647_cea2e07c,0.999868,21326_ab4d6c43,0.999855
22749_346e10ae,20801_0796e2ee,0.999999,22899_5b97e4f5,0.999998,23184_731e5af0,0.99999,23439_18900af2,0.999989,23239_ba13cf5e,0.999983
22761_ca309655,23259_d655fcc1,0.999949,21840_6847d36c,0.99994,22365_a4eb929c,0.999913,21831_54ca67d1,0.999902,21828_21ab2114,0.999894
22762_dcbdd14d,22983_0ab3faaf,0.999992,21497_9833a679,0.999981,21271_ec7f62b8,0.999978,23102_211ad1db,0.999978,23037_d0df320c,0.999962
22764_b884dce6,21739_57582b8f,0.919868,20668_b2f2633e,0.919291,21337_062b39fa,0.91881,22405_20f11d58,0.918583,21093_1bda9bbe,0.918461
22776_facf9bcf,22002_315afcfc,0.999962,21009_907a2a95,0.999733,21528_a5d5490f,0.999465,23176_1bf2a2d5,0.999355,21816_3891a442,0.999261
22778_7d85debd,22040_6461a147,0.999385,22092_897b0ffa,0.99935,22011_0832eefe,0.998039,21923_41fa6eda,0.996052,20182_71b9e491,0.919969
22784_bcace961,21566_ff590631,0.919996,20925_dc64a33a,0.919993,20387_0d507234,0.919962,22586_ff3651b2,0.919961,22383_e5f707a7,0.919951
22787_49022c32,22357_e2f7b060,0.91633,21557_53eafe15,0.915598,22670_9353c710,0.909295,23282_a1b17daa,0.908994,23235_f9ccb8b0,0.907115
22812_cf865ed1,21386_e234c6b6,0.91998,21958_e48ddf4e,0.91997,22434_2ad62ed6,0.919957,21133_f9a1614e,0.919955,22659_0e686e14,0.919949
22825_f4c18d65,20674_2fb6cabd,0.999845,22064_e1ba20dd,0.999153,23387_c4aa9424,0.99902,21274_2fb8c3f5,0.998974,23339_87a4d11f,0.998934
22826_199df203,23434_6635ed57,0.99997,21817_945cd3c9,0.99993,22577_cd96733e,0.999924,21358_a69a36f3,0.999918,21837_b67d788c,0.999903
22827_f33929ec,22193_c8773ded,0.999527,20765_99d0665e,0.998915,22910_97f0cc18,0.998847,22081_ab3124af,0.998549,22528_f3370a64,0.997027
22832_731d3b9f,22987_37973191,0.91993,21790_aaf9224a,0.919749,20722_90d46353,0.919528,20239_49b65a55,0.919027,22376_3ebc82a2,0.918902
22837_7644c972,22073_951645ae,0.999704,21976_807c9b26,0.999645,22747_3f6faf4c,0.999631,22131_6b4b60f8,0.999582,21326_ab4d6c43,0.999491
22839_113f2990,21139_cd619b26,1.0,21119_4f5c95a6,1.0,23199_75dc1efd,1.0,20804_0dcacc66,1.0,20898_5f5b9bc7,1.0
22843_cb38a007,21781_5985da6d,1.0,22843_ff77027f,1.0,21581_8f948e0b,0.999999,22075_12b129d5,0.999998,22058_71feafda,0.999998
22843_ff77027f,22843_cb38a007,1.0,21781_5985da6d,0.999999,21581_8f948e0b,0.999999,23311_ad36a9ec,0.999998,22257_6fb4c50c,0.999997
22844_9b75b8e0,21630_316322ff,1.0,21495_ebbbd369,1.0,22075_12b129d5,0.999999,22257_6fb4c50c,0.999999,23351_6104d55d,0.999998
22852_dc1dbed6,21856_f84d9348,0.995712,23305_2662b29a,0.989411,21592_c5e77a82,0.984608,21282_b2d83538,0.966576,21496_f4025ad5,0.966369
22862_f5406bb0,23215_08a54de0,0.999984,21357_9edfc0a0,0.999958,20994_9c88b1ba,0.999951,22374_aa5bb54d,0.999947,22014_5880c417,0.999937
22886_a6331748,22155_ab18f2b6,0.999995,20682_e208cc63,0.999959,20585_09b72895,0.999958,22057_4947db57,0.99995,22892_68138f24,0.999943
22890_4ecfa491,23002_4d53fb3f,0.999523,21153_a2fb81fe,0.998927,21425_d0d47a2a,0.998651,22900_09de4c7a,0.998509,21024_9be3d461,0.997186
22891_b8c84495,20813_726b2714,0.999999,21051_5d118b91,0.999996,21573_31a18ad0,0.999991,21882_795be793,0.999988,23103_66470b7e,0.999985
22892_68138f24,20682_e208cc63,0.999998,22057_4947db57,0.999997,22155_ab18f2b6,0.999967,22886_a6331748,0.999943,21037_62248d34,0.999937
22893_eb8aa8ac,21838_5bc448b4,0.999976,22416_4cd31921,0.999936,22070_fd1b8e5e,0.999903,23155_d7305c5f,0.999878,21845_dff8b3a1,0.999871
22894_5f7c276d,23309_76dcf100,0.999766,21182_a480d230,0.999762,23101_6aec02ee,0.99962,22421_19401bdd,0.999584,21352_c1101acb,0.999461
22895_4533b542,21793_4ad5e2c0,0.99999,23103_66470b7e,0.99999,20908_10574fbf,0.999985,22891_b8c84495,0.999977,20813_726b2714,0.999976
22899_5b97e4f5,22749_346e10ae,0.999998,20801_0796e2ee,0.999996,23439_18900af2,0.999984,23184_731e5af0,0.999983,21690_5d1f3475,0.999982
22900_09de4c7a,21425_d0d47a2a,0.999946,21153_a2fb81fe,0.999497,22890_4ecfa491,0.998509,23002_4d53fb3f,0.998112,21024_9be3d461,0.995089
22902_83870421,22668_9c30f6c0,1.0,22907_ff18dbd5,0.999999,21806_616e985a,0.999999,21062_c4ed6d45,0.999999,21047_60d69af3,0.999999
22907_ff18dbd5,21047_60d69af3,1.0,22668_9c30f6c0,1.0,22902_83870421,0.999999,21806_616e985a,0.999998,21616_c6c3347a,0.999998
22910_97f0cc18,20765_99d0665e,0.999428,22827_f33929ec,0.998847,22081_ab3124af,0.998577,23251_3eb3d2e6,0.99812,22193_c8773ded,0.997797
22919_3ee91d1a,22228_1c82530b,0.918961,22474_b10fea1a,0.918404,22266_078a1f68,0.918047,21539_cfe1f7fd,0.917663,21202_e452c491,0.917471
22980_3cb3bcc8,23493_57512264,0.999923,23041_8d3ea25c,0.999131,21552_4e9c19b1,0.999037,23451_14c8d09e,0.998984,21816_3891a442,0.998853
22981_93f268ae,23039_b3d04774,0.999752,20646_4cd14a72,0.919974,20647_cea2e07c,0.919973,22378_234fea2c,0.919962,21588_0c48dc5f,0.919951
22983_0ab3faaf,22762_dcbdd14d,0.999992,23037_d0df320c,0.999981,21271_ec7f62b8,0.999969,21497_9833a679,0.999968,23102_211ad1db,0.999947
22987_37973191,21790_aaf9224a,0.999835,21858_f1409ea2,0.998861,21621_711e1918,0.998683,22376_3ebc82a2,0.998607,23331_192866b6,0.998602
23002_4d53fb3f,22890_4ecfa491,0.999523,21153_a2fb81fe,0.999067,21425_d0d47a2a,0.998211,22900_09de4c7a,0.998112,22528_f3370a64,0.99797
23006_92c5b990,23442_28996649,0.999996,20705_ac2a0325,0.999996,23351_6104d55d,0.999995,21495_ebbbd369,0.999994,23403_e539620b,0.999994
23008_3d1bb7b2,22710_77324fc2,0.999979,22383_e5f707a7,0.999978,21563_c72d37a2,0.999962,21566_ff590631,0.999957,22586_ff3651b2,0.999948
23021_047d1f8a,22058_71feafda,0.999996,23311_ad36a9ec,0.999993,23006_92c5b990,0.999993,22349_6f67a96e,0.999993,21581_8f948e0b,0.999992
23022_86e6a8a0,21495_ebbbd369,0.999999,21062_c4ed6d45,0.999999,23351_6104d55d,0.999998,21630_316322ff,0.999998,22844_9b75b8e0,0.999998
23026_e6f08109,21779_b99623fc,0.987593,23379_636204a6,0.919864,23313_210c6783,0.919764,22251_88fd728c,0.919737,23283_fadf3820,0.919662
23028_2ca87745,21513_50fb4d62,0.999862,21503_34f299ca,0.999841,22045_ead71aca,0.999827,23331_192866b6,0.999764,21365_ab403591,0.999745
23034_b38134ee,23152_6f2706c9,0.919806,20817_ef63b1a7,0.919715,20815_b3d9e6c9,0.919671,23354_8182b4eb,0.91881,22681_124bf3a9,0.918694
23035_6087bb57,21358_a69a36f3,0.999981,21817_945cd3c9,0.999967,22826_199df203,0.999835,22577_cd96733e,0.999739,23434_6635ed57,0.999733
23036_7f9d143f,23501_6c48b3c1,0.919919,23035_6087bb57,0.919862,21049_f644930a,0.919799,23473_1dfa6e40,0.919785,21358_a69a36f3,0.919778
23037_d0df320c,22983_0ab3faaf,0.999981,22762_dcbdd14d,0.999962,21271_ec7f62b8,0.999958,22678_ff42f120,0.999941,22659_0e686e14,0.999934
23039_b3d04774,22981_93f268ae,0.999752,23265_07de6a0b,0.919985,23341_d5ead6d2,0.919961,21469_abec26c4,0.919955,22377_d490f505,0.919953
23041_8d3ea25c,21601_360ce1c7,0.999463,22980_3cb3bcc8,0.999131,23493_57512264,0.998797,21621_711e1918,0.998793,23451_14c8d09e,0.997772
23043_c0827516,21590_7d092186,0.932442,22448_1f21757a,0.919978,20788_d25efea2,0.91997,21550_0b16151d,0.919966,21779_b99623fc,0.919954
23044_9a964a68,22085_e039a7d3,0.983578,22440_014f1bac,0.963704,22228_1c82530b,0.935418,23466_1cf60d09,0.932201,22474_b10fea1a,0.930216
23045_a8c4e4bc,23480_3f7a8d50,0.999813,23475_b14d1dc8,0.999631,23252_ef165bed,0.999584,20858_15bdad00,0.99946,20735_fb18051a,0.999202
23048_8a1a5553,21063_037107dc,0.998226,23053_139f2009,0.990435,23495_6366269c,0.985728,23251_3eb3d2e6,0.983346,22076_20e8a107,0.982098
23049_207a41f0,23451_14c8d09e,0.919971,22612_28fe0ac2,0.919968,20505_017d4cc4,0.919926,20688_955aae0c,0.919827,22778_7d85debd,0.919778
23053_139f2009,23495_6366269c,0.994759,23251_3eb3d2e6,0.994681,23048_8a1a5553,0.990435,22910_97f0cc18,0.990058,20765_99d0665e,0.98726
23083_fdb942ac,22528_f3370a64,0.99967,22081_ab3124af,0.99911,20765_99d0665e,0.997727,22910_97f0cc18,0.997091,23002_4d53fb3f,0.996278
23096_7da0f913,20958_94222947,0.999954,20671_33532794,0.999844,21533_8837772a,0.987117,21051_5d118b91,0.919996,21882_795be793,0.919995
23101_6aec02ee,22421_19401bdd,0.999818,21182_a480d230,0.999792,22419_dfeb5d33,0.999683,22894_5f7c276d,0.99962,21121_1e9e7540,0.999573
23102_211ad1db,21497_9833a679,0.99998,22762_dcbdd14d,0.999978,21271_ec7f62b8,0.999952,22983_0ab3faaf,0.999947,23178_eb4b4280,0.99994
23103_43bde2a6,21665_2e14b6ff,0.999989,20807_88c198d5,0.999965,21825_ce32b0a0,0.999959,20731_fbdc7731,0.999947,22508_6bb410af,0.999919
23103_66470b7e,21793_4ad5e2c0,0.999993,21573_31a18ad0,0.999992,22895_4533b542,0.99999,20812_462bd352,0.999989,22891_b8c84495,0.999985
23120_f7c9092f,23380_abffc859,0.998755,23379_636204a6,0.996753,22251_88fd728c,0.996727,21989_a0b5037d,0.996655,23313_210c6783,0.996238
23121_cbdf3ebc,23473_1dfa6e40,0.999974,23475_b14d1dc8,0.999808,23480_3f7a8d50,0.999475,20797_78b83489,0.999307,23045_a8c4e4bc,0.999129
23123_f35404c4,22581_406c16c4,0.998973,23226_8d1b5098,0.997457,22298_51433023,0.996248,22056_79373464,0.994851,23282_a1b17daa,0.994272
23127_38d73061,22095_af226cbc,0.999912,23221_42f37ae3,0.999906,22259_613f9d44,0.999857,23468_a0bfb573,0.999527,22706_58a933f4,0.999523
23128_cb135b1b,21377_19909a40,0.999999,22162_439af02a,0.999998,20743_c8ea8159,0.999997,21706_adfb2ece,0.999988,23308_245d257c,0.999972
23130_7417d5b3,21153_a2fb81fe,0.919823,22900_09de4c7a,0.919574,21425_d0d47a2a,0.919533,23002_4d53fb3f,0.919161,22890_4ecfa491,0.918865
23132_1847c4ef,21009_907a2a95,0.999392,23176_1bf2a2d5,0.999249,23363_60e39812,0.999048,22776_facf9bcf,0.999028,22474_b10fea1a,0.999022
23136_2b469508,23211_3aac9c7e,0.919241,23209_1592b0a4,0.919104,20232_e5b060d9,0.919015,23210_f535bfd2,0.918966,23218_02d26ab4,0.918766
23144_88ca00a5,22533_e7298b05,0.997553,23195_2629864e,0.993925,23204_ff1672a9,0.992216,22298_51433023,0.989729,22056_79373464,0.987547
23152_6f2706c9,20817_ef63b1a7,0.999957,20815_b3d9e6c9,0.999928,23354_8182b4eb,0.99947,22681_124bf3a9,0.999368,23238_3c864758,0.998856
23154_7c74d190,21924_bbd9f7a9,0.999093,23378_8d6426ae,0.998646,22428_c1ffa51a,0.998099,21300_ec7da33e,0.997677,22278_12f1fb79,0.99733
23155_d7305c5f,21845_dff8b3a1,0.999886,22893_eb8aa8ac,0.999878,22070_fd1b8e5e,0.999869,21121_1e9e7540,0.999869,22416_4cd31921,0.999866
23156_7788f78a,23161_e7f63a9f,0.999723,23495_6366269c,0.91808,23251_3eb3d2e6,0.917126,22910_97f0cc18,0.912201,21063_037107dc,0.911186
23158_c7e753c2,22064_e1ba20dd,0.919893,23387_c4aa9424,0.919884,21599_80057f94,0.919875,23339_87a4d11f,0.919861,21274_2fb8c3f5,0.919817
23161_e7f63a9f,23156_7788f78a,0.999723,23495_6366269c,0.919043,23251_3eb3d2e6,0.918334,22910_97f0cc18,0.914569,20765_99d0665e,0.912622
23162_7e2f3d77,22056_79373464,0.998522,23226_8d1b5098,0.997115,22491_a33562ad,0.995134,22581_406c16c4,0.99476,23123_f35404c4,0.991465
23163_7b143a6f,16550_e88d6986,1.0,22178_976d2411,0.999999,23199_75dc1efd,0.999999,21062_c4ed6d45,0.999999,21806_616e985a,0.999998
23164_659c91ef,23440_5956321f,0.999995,23239_ba13cf5e,0.999994,21793_4ad5e2c0,0.999991,22349_6f67a96e,0.99999,23439_18900af2,0.99999
23168_7fdf5427,20697_d3e106b4,0.999541,21300_ec7da33e,0.999363,22421_19401bdd,0.999268,21081_72fa4ad1,0.999238,21121_1e9e7540,0.999177
23170_6ea8ded5,22312_3f366a4a,0.999991,21271_ec7f62b8,0.999978,21497_9833a679,0.999958,22434_2ad62ed6,0.999939,22762_dcbdd14d,0.999928
23172_4ab01e83,21794_4d137e7d,0.999979,23213_3df3cb34,0.999974,22710_77324fc2,0.999971,21549_18160a0a,0.999967,23214_0c411aa1,0.999931
23174_8ef93daf,21794_4d137e7d,0.999959,22586_ff3651b2,0.999956,21974_1997ebc3,0.999941,23008_3d1bb7b2,0.999926,22617_a286f13c,0.999906
23176_1bf2a2d5,22776_facf9bcf,0.999355,21816_3891a442,0.99933,23132_1847c4ef,0.999249,22002_315afcfc,0.999089,21009_907a2a95,0.998937
23178_eb4b4280,21497_9833a679,0.999941,23102_211ad1db,0.99994,21961_1a090a8b,0.999886,22762_dcbdd14d,0.999873,23170_6ea8ded5,0.999864
23184_731e5af0,22671_fdd1b1e6,0.999998,20801_0796e2ee,0.999994,22749_346e10ae,0.99999,23439_18900af2,0.999989,23239_ba13cf5e,0.999988
23194_b675acc0,20409_dafedec6,0.993598,23236_d5867507,0.919953,22043_041e1b7c,0.919881,23211_3aac9c7e,0.919839,23218_02d26ab4,0.919839
23195_2629864e,22413_901f5867,0.996835,22298_51433023,0.995727,22533_e7298b05,0.995057,23271_f833d903,0.99491,23144_88ca00a5,0.993925
23199_75dc1efd,22178_976d2411,1.0,22839_113f2990,1.0,21139_cd619b26,0.999999,21119_4f5c95a6,0.999999,16550_e88d6986,0.999999
23204_ff1672a9,22492_047b125b,0.995921,21741_c6faf98e,0.994884,23144_88ca00a5,0.992216,23162_7e2f3d77,0.98501,22533_e7298b05,0.984673
23209_1592b0a4,23210_f535bfd2,0.999987,23219_40625e2c,0.999925,23211_3aac9c7e,0.99973,23218_02d26ab4,0.999663,23244_34b5f55e,0.999625
23210_f535bfd2,23209_1592b0a4,0.999987,23219_40625e2c,0.99995,23211_3aac9c7e,0.999775,23218_02d26ab4,0.99976,23244_34b5f55e,0.999736
23211_3aac9c7e,23218_02d26ab4,0.999934,23244_34b5f55e,0.999897,23236_d5867507,0.999827,23210_f535bfd2,0.999775,23209_1592b0a4,0.99973
23213_3df3cb34,21549_18160a0a,0.999992,23172_4ab01e83,0.999974,21794_4d137e7d,0.99997,20823_f144e996,0.999962,21837_b67d788c,0.999917
23214_0c411aa1,22710_77324fc2,0.999981,21563_c72d37a2,0.999973,22383_e5f707a7,0.999963,23434_6635ed57,0.999954,23008_3d1bb7b2,0.999945
23215_08a54de0,22862_f5406bb0,0.999984,22374_aa5bb54d,0.999976,20803_473c87ac,0.999975,20994_9c88b1ba,0.999972,21357_9edfc0a0,0.999949
23217_7c6062e3,23168_7fdf5427,0.919866,21300_ec7da33e,0.919742,22421_19401bdd,0.919659,20697_d3e106b4,0.919625,23377_690165aa,0.919624
23218_02d26ab4,23244_34b5f55e,0.999995,23211_3aac9c7e,0.999934,23236_d5867507,0.999918,23210_f535bfd2,0.99976,23209_1592b0a4,0.999663
23219_40625e2c,23210_f535bfd2,0.99995,23209_1592b0a4,0.999925,23244_34b5f55e,0.999613,23218_02d26ab4,0.999612,23211_3aac9c7e,0.999568
23221_42f37ae3,22259_613f9d44,0.999946,23127_38d73061,0.999906,22095_af226cbc,0.999881,20609_69f28932,0.999656,23320_e0711ae9,0.999652
23226_8d1b5098,22581_406c16c4,0.997634,22056_79373464,0.997626,23123_f35404c4,0.997457,22298_51433023,0.997118,23162_7e2f3d77,0.997115
23233_ac09e2e5,21697_06656699,0.999903,21511_d07c59c2,0.999623,23309_76dcf100,0.999412,21352_c1101acb,0.999382,22894_5f7c276d,0.999266
23235_f9ccb8b0,23271_f833d903,0.998433,22413_901f5867,0.997342,23195_2629864e,0.991927,23282_a1b17daa,0.990882,21582_a3d32115,0.990834
23236_d5867507,23244_34b5f55e,0.999925,23218_02d26ab4,0.999918,23211_3aac9c7e,0.999827,23210_f535bfd2,0.999415,23209_1592b0a4,0.999275
23238_3c864758,22074_c0265b0d,0.999988,21600_0027c6fc,0.999985,21715_53df62c9,0.999942,23366_cc0bc28e,0.999932,23354_8182b4eb,0.999852
23239_ba13cf5e,23439_18900af2,0.999999,23164_659c91ef,0.999994,21690_5d1f3475,0.999994,22349_6f67a96e,0.999992,20801_0796e2ee,0.999991
23244_34b5f55e,23218_02d26ab4,0.999995,23236_d5867507,0.999925,23211_3aac9c7e,0.999897,23210_f535bfd2,0.999736,23209_1592b0a4,0.999625
23245_ccd099b6,23323_075a079e,0.919824,21185_ac5324ba,0.919193,22218_2f85f6ae,0.918819,20504_c9e14c9d,0.918195,21695_1f33863f,0.917773
23250_aa321310,16550_e88d6986,0.92,23163_7b143a6f,0.92,22178_976d2411,0.919999,23199_75dc1efd,0.919999,21062_c4ed6d45,0.919999
23251_3eb3d2e6,23495_6366269c,0.999778,22910_97f0cc18,0.99812,20765_99d0665e,0.996791,22081_ab3124af,0.994931,22827_f33929ec,0.994759
23252_ef165bed,23480_3f7a8d50,0.99964,23045_a8c4e4bc,0.999584,22251_88fd728c,0.999038,23283_fadf3820,0.998991,23475_b14d1dc8,0.998766
23258_87a2ba81,20737_5249e274,0.919534,23310_7daded69,0.918162,20745_3e22ad07,0.916564,21204_96d26a7f,0.91544,21685_93737a7a,0.909124
23259_d655fcc1,22365_a4eb929c,0.999976,22761_ca309655,0.999949,21828_21ab2114,0.999931,21840_6847d36c,0.999904,21831_54ca67d1,0.999883
23265_07de6a0b,22377_d490f505,0.999967,20951_2918f2fa,0.999933,20803_473c87ac,0.999932,23215_08a54de0,0.999919,22374_aa5bb54d,0.999899
23271_f833d903,23235_f9ccb8b0,0.998433,22413_901f5867,0.998246,23195_2629864e,0.99491,21582_a3d32115,0.990332,22298_51433023,0.990081
23273_8f301ce3,22306_c3dca308,0.918809,22211_b1ee53f0,0.918759,22065_0d414124,0.917639,23419_ea47995f,0.914313,22028_776fbf0d,0.909094
23282_a1b17daa,23123_f35404c4,0.994272,22298_51433023,0.991278,23235_f9ccb8b0,0.990882,23226_8d1b5098,0.990091,22581_406c16c4,0.989766
23283_fadf3820,22251_88fd728c,0.999918,23379_636204a6,0.999915,23313_210c6783,0.999827,23252_ef165bed,0.998991,23045_a8c4e4bc,0.998953
23305_2662b29a,22852_dc1dbed6,0.989411,21592_c5e77a82,0.982098,21856_f84d9348,0.981922,22017_6d3be48d,0.964569,21282_b2d83538,0.948642
23308_245d257c,22134_5e72e871,0.999989,21377_19909a40,0.99998,23128_cb135b1b,0.999972,22162_439af02a,0.999969,21706_adfb2ece,0.999966
23309_76dcf100,22894_5f7c276d,0.999766,21182_a480d230,0.999629,23233_ac09e2e5,0.999412,21697_06656699,0.999235,22419_dfeb5d33,0.999159
23310_7daded69,21204_96d26a7f,0.997985,20737_5249e274,0.997133,22428_c1ffa51a,0.995653,21924_bbd9f7a9,0.994726,23378_8d6426ae,0.993098
23311_ad36a9ec,22058_71feafda,1.0,21581_8f948e0b,0.999999,22843_cb38a007,0.999998,22843_ff77027f,0.999998,21781_5985da6d,0.999996
23313_210c6783,23379_636204a6,0.999933,23283_fadf3820,0.999827,22251_88fd728c,0.999695,20735_fb18051a,0.998565,23045_a8c4e4bc,0.998349
23318_65e3a7c9,21513_50fb4d62,0.919957,22045_ead71aca,0.919935,22059_b7d76712,0.919931,20892_b1f89c8d,0.919913,22729_232da678,0.919899
23320_e0711ae9,20609_69f28932,0.999964,22678_ff42f120,0.999943,21386_e234c6b6,0.999862,23037_d0df320c,0.999834,22983_0ab3faaf,0.999812
23321_c9497b79,22227_aca28ff2,0.996735,21599_80057f94,0.995352,22746_920025a0,0.995126,23369_447545f6,0.995123,21615_f2ecc6e8,0.995085
23322_8f85d82d,22040_6461a147,0.919743,20182_71b9e491,0.919641,22778_7d85debd,0.919529,22612_28fe0ac2,0.919479,20505_017d4cc4,0.919446
23323_075a079e,23245_ccd099b6,0.919824,21185_ac5324ba,0.919581,22218_2f85f6ae,0.918688,21695_1f33863f,0.918303,20504_c9e14c9d,0.917885
23329_6939d5d9,20697_d3e106b4,0.91999,20421_0fd51709,0.91997,20643_71ad3d26,0.919924,22417_4a15d62e,0.919911,22168_a84560a9,0.919864
23331_192866b6,21503_34f299ca,0.999972,21365_ab403591,0.9998,23028_2ca87745,0.999764,21837_b67d788c,0.999763,22680_1f4026f6,0.999752
23339_87a4d11f,23387_c4aa9424,0.999997,23435_e1c96b4d,0.999965,22064_e1ba20dd,0.999963,21353_4686c90c,0.999959,22589_2c8f7c0b,0.999919
23341_d5ead6d2,21469_abec26c4,0.919991,21391_78fc6345,0.919988,23265_07de6a0b,0.919984,20186_f66e4ad3,0.919969,23039_b3d04774,0.919961
23342_7193a931,22837_7644c972,0.919918,21976_807c9b26,0.91986,22747_3f6faf4c,0.919828,22073_951645ae,0.919805,22131_6b4b60f8,0.919772
23343_f000bdae,21615_f2ecc6e8,0.99993,22746_920025a0,0.999877,22227_aca28ff2,0.999792,23369_447545f6,0.999726,21599_80057f94,0.998081
23351_6104d55d,21495_ebbbd369,1.0,22844_9b75b8e0,0.999998,23022_86e6a8a0,0.999998,23403_e539620b,0.999998,21630_316322ff,0.999998
23354_8182b4eb,22681_124bf3a9,0.999921,23238_3c864758,0.999852,22074_c0265b0d,0.999802,21600_0027c6fc,0.999762,20815_b3d9e6c9,0.999725
23363_60e39812,21009_907a2a95,0.999172,23132_1847c4ef,0.999048,21528_a5d5490f,0.998928,22474_b10fea1a,0.998182,22002_315afcfc,0.99806
23366_cc0bc28e,21715_53df62c9,0.999984,21600_0027c6fc,0.999966,22074_c0265b0d,0.999954,23238_3c864758,0.999932,22062_2d6b3b72,0.999764
23368_648717d8,22630_b6010fff,0.913474,22082_39503fa6,0.910967,21164_de08f61e,0.908708,22017_6d3be48d,0.907254,23414_f7d4a688,0.906849
23369_447545f6,22746_920025a0,0.999918,21615_f2ecc6e8,0.999898,22227_aca28ff2,0.999728,23343_f000bdae,0.999726,21599_80057f94,0.99896
23372_4cb88567,20505_017d4cc4,0.999006,22612_28fe0ac2,0.998966,21224_18ba4aba,0.998854,23451_14c8d09e,0.998696,22072_5163223a,0.998656
23373_f5dac851,22776_facf9bcf,0.919938,22002_315afcfc,0.919891,21009_907a2a95,0.919865,22341_0f9c52ed,0.919805,20141_b9376856,0.9198
23374_57cca189,21275_c8049742,0.91998,21424_9d516e3a,0.919969,23308_245d257c,0.919949,20520_7e357152,0.919941,21706_adfb2ece,0.91994
23376_9b48819a,20870_dedaef5b,0.91065,21926_b4c7068b,0.90825,21519_3e869afd,0.897457,21450_ea24ffcc,0.893675,20746_57a7b346,0.891466
23377_690165aa,21300_ec7da33e,0.999881,22421_19401bdd,0.999563,21977_ce9f4e71,0.999374,22894_5f7c276d,0.999112,23168_7fdf5427,0.999065
23378_8d6426ae,22278_12f1fb79,0.999578,22428_c1ffa51a,0.999536,21924_bbd9f7a9,0.998854,23154_7c74d190,0.998646,21805_2ba39d00,0.998458
23379_636204a6,23313_210c6783,0.999933,23283_fadf3820,0.999915,22251_88fd728c,0.999894,23252_ef165bed,0.998644,23045_a8c4e4bc,0.99848
23380_abffc859,23120_f7c9092f,0.998755,23313_210c6783,0.99793,23379_636204a6,0.997915,22251_88fd728c,0.997482,23283_fadf3820,0.997218
23387_c4aa9424,23339_87a4d11f,0.999997,22064_e1ba20dd,0.999972,23435_e1c96b4d,0.999953,21353_4686c90c,0.999942,21274_2fb8c3f5,0.999923
23403_e539620b,22142_7891a26a,1.0,20804_0dcacc66,0.999999,21119_4f5c95a6,0.999998,23351_6104d55d,0.999998,21139_cd619b26,0.999998
23406_1d36b046,22210_649a5363,1.0,21616_c6c3347a,0.999998,21140_8d150c65,0.999997,21610_5dcf1187,0.999996,21612_e2981dae,0.999996
23408_e5fd25ba,21793_4ad5e2c0,0.999989,23103_66470b7e,0.999984,20812_462bd352,0.999981,22210_649a5363,0.99998,23164_659c91ef,0.99998
23409_e27e3b8b,21706_adfb2ece,0.99999,22345_bc482c26,0.999987,20743_c8ea8159,0.999978,23505_161e8ec5,0.999973,22313_3a8b93dc,0.999966
23413_6702ec7f,22372_e91792a1,0.919966,23331_192866b6,0.919939,21503_34f299ca,0.919925,21837_b67d788c,0.919913,20628_e0551f7c,0.919867
23414_f7d4a688,23120_f7c9092f,0.919563,23380_abffc859,0.918451,21989_a0b5037d,0.915751,23026_e6f08109,0.915732,23379_636204a6,0.914604
23417_9a9e9937,22469_9d87f800,0.999974,21390_4d1e2d9c,0.999955,22617_a286f13c,0.999945,20788_d25efea2,0.999943,22448_1f21757a,0.999938
23419_ea47995f,22065_0d414124,0.998717,22211_b1ee53f0,0.99778,22028_776fbf0d,0.99758,21722_68aeba65,0.981191,22306_c3dca308,0.917754
23422_f214bd4d,20351_dc6e4e1e,0.913744,22483_f4e4b62a,0.912268,7778_3a9748b3,0.912084,22492_047b125b,0.904286,22079_31335df2,0.900167
23434_6635ed57,22577_cd96733e,0.999979,22826_199df203,0.99997,22066_308cdcfe,0.999962,20849_9821b6fe,0.999955,23214_0c411aa1,0.999954
23435_e1c96b4d,21353_4686c90c,0.999993,23339_87a4d11f,0.999965,23387_c4aa9424,0.999953,22589_2c8f7c0b,0.999945,22064_e1ba20dd,0.999939
23438_b1ef78f4,22080_594bcb66,0.939068,21497_9833a679,0.919961,22983_0ab3faaf,0.919924,22141_5db99710,0.919923,23178_eb4b4280,0.919921
23439_18900af2,23239_ba13cf5e,0.999999,20801_0796e2ee,0.999995,21690_5d1f3475,0.999994,23164_659c91ef,0.99999,22671_fdd1b1e6,0.99999
23440_5956321f,21848_0fff9631,0.999998,23164_659c91ef,0.999995,22671_fdd1b1e6,0.999995,20908_10574fbf,0.999991,23239_ba13cf5e,0.999989
23442_28996649,20705_ac2a0325,0.999999,23403_e539620b,0.999997,20672_0bc07cce,0.999997,22142_7891a26a,0.999997,23006_92c5b990,0.999996
23451_14c8d09e,22612_28fe0ac2,0.99998,20505_017d4cc4,0.999892,21816_3891a442,0.999545,21552_4e9c19b1,0.999315,22776_facf9bcf,0.999226
23466_1cf60d09,22228_1c82530b,0.998736,22474_b10fea1a,0.998427,23132_1847c4ef,0.99749,22082_39503fa6,0.996444,23176_1bf2a2d5,0.996001
23467_9f431540,21511_d07c59c2,0.919897,21352_c1101acb,0.919741,19596_fb9531a5,0.919631,21697_06656699,0.919623,22417_4a15d62e,0.919604
23468_a0bfb573,22706_58a933f4,0.999661,22414_14ead4a3,0.999555,23127_38d73061,0.999527,21828_21ab2114,0.999526,21386_e234c6b6,0.999474
23473_1dfa6e40,23121_cbdf3ebc,0.999974,23475_b14d1dc8,0.999642,20797_78b83489,0.999425,23035_6087bb57,0.999307,23480_3f7a8d50,0.999286
23475_b14d1dc8,23121_cbdf3ebc,0.999808,23480_3f7a8d50,0.999699,23473_1dfa6e40,0.999642,23045_a8c4e4bc,0.999631,20858_15bdad00,0.999474
23476_705b76d1,22826_199df203,0.919988,20329_414757bb,0.919984,20322_daa5c577,0.919977,20676_9715ec9c,0.919965,23434_6635ed57,0.919945
23480_3f7a8d50,23045_a8c4e4bc,0.999813,23475_b14d1dc8,0.999699,23252_ef165bed,0.99964,23121_cbdf3ebc,0.999475,23473_1dfa6e40,0.999286
23493_57512264,22980_3cb3bcc8,0.999923,23041_8d3ea25c,0.998797,23451_14c8d09e,0.998766,21552_4e9c19b1,0.998625,21816_3891a442,0.998596
23495_6366269c,23251_3eb3d2e6,0.999778,22910_97f0cc18,0.99717,20765_99d0665e,0.995475,23053_139f2009,0.994759,22081_ab3124af,0.993815
23501_6c48b3c1,23036_7f9d143f,0.919919,23035_6087bb57,0.919757,23473_1dfa6e40,0.919755,20431_27e7f151,0.919673,21358_a69a36f3,0.919638
23502_5a80f907,21539_cfe1f7fd,0.970855,21035_d308c5c4,0.919903,21091_bbf490e7,0.919322,21719_d60b8a4a,0.919212,21531_79015e13,0.919202
23505_161e8ec5,22345_bc482c26,0.999988,22313_3a8b93dc,0.999985,22066_308cdcfe,0.999979,23409_e27e3b8b,0.999973,20849_9821b6fe,0.999968
23511_8651ac1f,20737_5249e274,0.965786,23310_7daded69,0.962415,20799_213bf924,0.961062,21204_96d26a7f,0.945452,21924_bbd9f7a9,0.942403
7778_3a9748b3,23422_f214bd4d,0.912084,22492_047b125b,0.911863,21741_c6faf98e,0.91129,23204_ff1672a9,0.907063,22483_f4e4b62a,0.907048
7780_6c885e81,23127_38d73061,0.919859,22706_58a933f4,0.91985,22259_613f9d44,0.919815,23468_a0bfb573,0.919814,21386_e234c6b6,0.919743
