assembly_name,neighbor_1,sim_1,neighbor_2,sim_2,neighbor_3,sim_3,neighbor_4,sim_4,neighbor_5,sim_5
21448_5646a1b6,21384_b9774b93,0.999982,21603_98a15295,0.999956,22367_b4a67e61,0.999899,22141_5db99710,0.999889,20609_69f28932,0.999889
22312_3f366a4a,23170_6ea8ded5,0.999985,21271_ec7f62b8,0.999938,22434_2ad62ed6,0.999914,21497_9833a679,0.999872,21958_e48ddf4e,0.99985
20756_75f43564,20803_473c87ac,0.999989,20802_802b7d69,0.999969,20341_6a1588fb,0.999969,22374_aa5bb54d,0.999968,20814_5a2be0fb,0.999963
21708_e61bd657,23162_7e2f3d77,0.998844,22630_b6010fff,0.995372,22082_39503fa6,0.994202,23226_8d1b5098,0.993931,23368_648717d8,0.993872
23311_ad36a9ec,22058_71feafda,0.999999,21581_8f948e0b,0.999999,20467_f1fcc009,0.999997,22843_cb38a007,0.999996,22843_ff77027f,0.999996
22680_1f4026f6,20431_0088a0dd,0.999936,22681_124bf3a9,0.999819,21837_b67d788c,0.999694,22078_1758e9fc,0.999671,22214_b098105d,0.999662
21265_7329c813,22653_58d6287d,0.999999,21785_d595ced5,0.999999,20741_c337946f,0.999998,21761_fdb5f86d,0.999998,21615_f2ecc6e8,0.999998
22832_731d3b9f,22987_37973191,0.999883,21790_aaf9224a,0.999581,20722_90d46353,0.999213,20157_db99ab88,0.998853,20239_49b65a55,0.998378
23476_705b76d1,22826_199df203,0.999979,20329_414757bb,0.999974,20322_daa5c577,0.999962,20676_9715ec9c,0.999942,23434_6635ed57,0.999909
22131_6b4b60f8,23321_c9497b79,0.999983,21976_807c9b26,0.999944,22043_041e1b7c,0.999816,23236_d5867507,0.999694,23342_7193a931,0.99962
20994_9c88b1ba,20340_86125547,0.999999,20332_0c2a24aa,0.999996,20814_5a2be0fb,0.999995,20241_ccb70dc8,0.999994,20241_8c0d3f83,0.999994
22026_62afa265,20429_9dd95c38,0.999995,22367_b4a67e61,0.999993,20438_5f344b00,0.999956,23438_b1ef78f4,0.999892,21448_5646a1b6,0.999885
22021_520ec8c3,22323_aa6edb8b,0.999092,23176_1bf2a2d5,0.998495,21745_56cbe841,0.998244,23136_2b469508,0.997589,22341_0f9c52ed,0.997579
20351_dc6e4e1e,23422_f214bd4d,0.989574,22483_f4e4b62a,0.985466,20246_40be7668,0.97833,22079_31335df2,0.966355,22076_20e8a107,0.964801
22218_2f85f6ae,23372_4cb88567,0.999939,20989_d1b8b0f8,0.999835,21529_93e51dd9,0.999816,23236_d5867507,0.999773,20504_c9e14c9d,0.999771
21810_718ae2fe,22140_9cda24cc,0.999972,22892_68138f24,0.999913,22241_535ad84b,0.99991,20682_e208cc63,0.999901,22057_4947db57,0.999873
20215_e2eb3082,22040_6461a147,0.999828,20504_c9e14c9d,0.999559,20554_abcb705e,0.999526,20789_1809f41f,0.999463,22837_7644c972,0.999452
22561_067b78ae,23037_d0df320c,0.999971,22983_0ab3faaf,0.999966,22762_dcbdd14d,0.999957,21271_ec7f62b8,0.999957,22678_ff42f120,0.999934
21421_fb12b69b,22430_c6f08b03,0.993422,21244_24c3ce72,0.987628,21582_a3d32115,0.986862,21236_b696e901,0.985337,22357_e2f7b060,0.983876
22082_39503fa6,21539_cfe1f7fd,0.997365,22630_b6010fff,0.997255,22266_078a1f68,0.997225,22474_b10fea1a,0.996844,22021_520ec8c3,0.996678
23308_245d257c,20520_7e357152,0.999989,22134_5e72e871,0.999982,21377_19909a40,0.999967,23128_cb135b1b,0.999954,22162_439af02a,0.999949
22844_9b75b8e0,21630_316322ff,1.0,21495_ebbbd369,0.999999,20934_fe7fbd78,0.999999,20838_86c931be,0.999999,22075_12b129d5,0.999999
20408_b4fda9eb,20229_d1ae2ae3,0.999987,21594_428d32af,0.999969,23505_161e8ec5,0.999966,22066_308cdcfe,0.99995,20849_9821b6fe,0.999944
21326_ab4d6c43,21224_18ba4aba,0.999968,20647_cea2e07c,0.999961,20646_4cd14a72,0.999948,22073_951645ae,0.999941,21737_87d83240,0.99993
22211_b1ee53f0,22306_c3dca308,0.9998,22065_0d414124,0.999074,23273_8f301ce3,0.997932,20818_098cad7c,0.997888,21797_69df08d5,0.997442
23211_3aac9c7e,23218_02d26ab4,0.99989,23244_34b5f55e,0.999828,20940_9777847c,0.999775,23194_b675acc0,0.999732,23236_d5867507,0.999712
20676_9715ec9c,23434_6635ed57,0.99999,20322_5a8c6077,0.999966,20329_414757bb,0.999964,22826_199df203,0.999955,20322_daa5c577,0.999948
20220_3de82b2a,22261_6efe61e3,0.999998,20342_c140780b,0.999997,20947_115d4058,0.999997,23351_6104d55d,0.999997,23403_e539620b,0.999997
22776_facf9bcf,22002_315afcfc,0.999937,20141_b9376856,0.999912,23373_f5dac851,0.999896,22341_0f9c52ed,0.999843,21745_56cbe841,0.999608
21837_b67d788c,21549_18160a0a,0.999906,20322_daa5c577,0.999871,23172_4ab01e83,0.999866,23213_3df3cb34,0.999861,23413_6702ec7f,0.999854
20668_b2f2633e,21739_57582b8f,0.999275,22764_b884dce6,0.998818,22402_a62e84b4,0.998806,21093_1bda9bbe,0.998751,22405_20f11d58,0.998711
21459_a9de5e5b,22075_12b129d5,0.999999,21495_ebbbd369,0.999998,22844_9b75b8e0,0.999998,20947_115d4058,0.999997,23351_6104d55d,0.999997
21386_e234c6b6,22812_cf865ed1,0.999966,22659_0e686e14,0.9999,21958_e48ddf4e,0.999899,22561_067b78ae,0.999893,22434_2ad62ed6,0.999878
22474_b10fea1a,22228_1c82530b,0.999719,22266_078a1f68,0.999498,21539_cfe1f7fd,0.99947,23132_1847c4ef,0.99837,22126_e1cca10f,0.997843
19051_26735260,21809_8bd6b10e,0.999384,21762_90d34d16,0.997051,21024_9be3d461,0.996079,20293_a1999339,0.995544,20701_6dcbc975,0.994477
20332_0c2a24aa,20994_9c88b1ba,0.999996,20340_86125547,0.999995,20241_8c0d3f83,0.999995,20241_ccb70dc8,0.999995,21422_b2a6bf27,0.999995
20807_88c198d5,21665_2e14b6ff,0.999984,20989_a261efa3,0.99998,20429_419c4cdd,0.999971,23103_43bde2a6,0.999942,20990_0a226634,0.999901
21825_ce32b0a0,20989_885bd9b9,0.999996,20216_89b90993,0.999982,20731_fbdc7731,0.999978,22508_6bb410af,0.99996,20822_5bb36119,0.999957
23366_cc0bc28e,21634_e5e20375,0.999994,22891_b8c84495,0.999985,20743_c8ea8159,0.999984,20813_726b2714,0.999983,21051_5d118b91,0.999978
22136_a539c50b,21862_ec534e16,0.999999,20451_557fe5cd,0.999979,20451_84d8b290,0.999979,22047_5a090f16,0.999804,21692_777db9e2,0.999509
20414_a33bd0d7,22066_308cdcfe,0.999995,20849_9821b6fe,0.999988,23435_e1c96b4d,0.999981,22577_cd96733e,0.999975,22313_3a8b93dc,0.999973
22196_0deb2e34,22196_e5bf8c9d,0.999989,22197_66c5655e,0.999987,22197_94c66357,0.999817,20779_fc5a7c3d,0.999769,20421_49bd1188,0.99974
23273_8f301ce3,21797_69df08d5,0.999385,20818_098cad7c,0.99908,20279_aed6b3b3,0.998528,22306_c3dca308,0.998015,22211_b1ee53f0,0.997932
21063_037107dc,23048_8a1a5553,0.997043,23156_7788f78a,0.985309,23161_e7f63a9f,0.981879,20586_cbec2689,0.9801,23414_f7d4a688,0.978834
23351_6104d55d,20947_115d4058,1.0,20342_c140780b,0.999999,21495_ebbbd369,0.999999,22261_6efe61e3,0.999999,20838_86c931be,0.999998
21236_b696e901,21421_fb12b69b,0.985337,21244_24c3ce72,0.981788,21244_d67bbabc,0.980307,22430_c6f08b03,0.972112,20952_b8a54213,0.963984
23321_c9497b79,22131_6b4b60f8,0.999983,21976_807c9b26,0.999894,22043_041e1b7c,0.999828,23236_d5867507,0.999683,23372_4cb88567,0.999639
21351_675c66b1,21941_1a683ec2,0.98876,22242_4ceddc2b,0.98809,23282_a1b17daa,0.980449,23226_8d1b5098,0.979428,22666_bdaa1303,0.977996
20675_66ac9773,20799_213bf924,0.998703,22415_658c81dd,0.979227,20546_87dbd755,0.970178,21647_6b6cca6f,0.958807,22125_e3a4cad4,0.955548
23238_3c864758,23409_e27e3b8b,0.999992,22345_bc482c26,0.999983,22074_c0265b0d,0.999979,21600_0027c6fc,0.999975,23505_161e8ec5,0.99997
20193_2da4f0a0,20814_5a2be0fb,0.999994,20802_802b7d69,0.999993,20994_9c88b1ba,0.999993,20341_6a1588fb,0.999992,20340_86125547,0.999991
23473_1dfa6e40,23121_cbdf3ebc,0.999957,23036_7f9d143f,0.999641,23501_6c48b3c1,0.999592,20431_27e7f151,0.999423,23475_b14d1dc8,0.999404
21709_4dd88551,23233_ac09e2e5,0.999854,21697_06656699,0.999589,23309_76dcf100,0.999291,22652_dc7405ef,0.998804,21511_d07c59c2,0.998759
20646_4cd14a72,20647_cea2e07c,0.999995,22981_93f268ae,0.999957,21326_ab4d6c43,0.999948,21625_d5d4c9a7,0.999929,20285_b64b1a7e,0.99989
21588_0c48dc5f,20495_e8e7e80c,0.99997,22378_234fea2c,0.999945,22981_93f268ae,0.999918,21625_d5d4c9a7,0.999911,20647_cea2e07c,0.999873
23377_690165aa,21300_ec7da33e,0.999801,21134_7aa7cd89,0.999521,22027_11a2e852,0.99946,23217_7c6062e3,0.999373,22421_19401bdd,0.999272
23468_a0bfb573,21511_d07c59c2,0.999714,7780_6c885e81,0.99969,22654_4c426b0f,0.999627,19596_fb9531a5,0.999465,22399_97987ada,0.999448
20468_1c33550a,22843_ff77027f,0.999998,21140_8d150c65,0.999998,21581_8f948e0b,0.999996,22843_cb38a007,0.999996,21781_5985da6d,0.999995
21176_b5c72bfb,23221_42f37ae3,0.999949,22259_613f9d44,0.999925,22050_e8702dd4,0.999912,21467_67965037,0.999891,23127_38d73061,0.999847
23252_ef165bed,20657_913a7675,0.999703,23480_3f7a8d50,0.999399,23045_a8c4e4bc,0.999307,22334_677d00e0,0.999247,22251_88fd728c,0.998397
21164_de08f61e,21979_29f59427,0.998836,22630_b6010fff,0.997884,21028_d4d30a2e,0.997473,20701_6dcbc975,0.996925,22376_3ebc82a2,0.995494
20789_1809f41f,21292_f94bd96b,0.999935,20421_83f66ddc,0.999932,21737_87d83240,0.999922,21224_18ba4aba,0.999849,22073_951645ae,0.999833
22197_66c5655e,22196_e5bf8c9d,0.999991,22196_0deb2e34,0.999987,22197_94c66357,0.999852,20421_49bd1188,0.999815,20779_fc5a7c3d,0.999795
21352_c1101acb,21845_dff8b3a1,0.999789,20643_71ad3d26,0.999787,22417_4a15d62e,0.999785,21843_effbd24d,0.999771,21511_d07c59c2,0.999738
22376_3ebc82a2,21621_711e1918,0.999263,21790_aaf9224a,0.998245,22832_731d3b9f,0.99817,20163_3742f394,0.997836,22987_37973191,0.997678
20502_58b65de9,22414_14ead4a3,0.999384,22652_dc7405ef,0.999284,22638_37f9fe91,0.999274,21836_5bc91e49,0.999143,22654_4c426b0f,0.99879
21153_a2fb81fe,23130_7417d5b3,0.999704,21425_d0d47a2a,0.999409,21035_d308c5c4,0.999181,22900_09de4c7a,0.999162,23502_5a80f907,0.998943
20409_dafedec6,20429_4c909f3f,0.999997,22178_976d2411,0.999996,23163_7b143a6f,0.999995,16550_e88d6986,0.999995,23199_75dc1efd,0.999995
21492_8bd34fc1,21722_68aeba65,0.994446,22028_776fbf0d,0.963299,22306_c3dca308,0.949146,23419_ea47995f,0.946555,23273_8f301ce3,0.946361
20622_38dd90d0,22081_ab3124af,0.99856,22827_f33929ec,0.997765,22528_f3370a64,0.997173,22193_c8773ded,0.996563,23002_4d53fb3f,0.996359
22428_c1ffa51a,23378_8d6426ae,0.999227,21924_bbd9f7a9,0.998924,21685_93737a7a,0.998844,22278_12f1fb79,0.997761,20245_f1b25d43,0.997458
21047_60d69af3,22907_ff18dbd5,1.0,20385_f2d30908,1.0,22668_9c30f6c0,0.999999,22902_83870421,0.999998,20741_c337946f,0.999997
23215_08a54de0,22227_aca28ff2,0.999999,20193_2da4f0a0,0.999981,22862_f5406bb0,0.999973,20341_6a1588fb,0.999962,20814_5a2be0fb,0.999962
20680_b095cb77,22365_a4eb929c,0.999984,23259_d655fcc1,0.999968,21828_21ab2114,0.999929,21840_6847d36c,0.999883,22761_ca309655,0.99986
23130_7417d5b3,21153_a2fb81fe,0.999704,22900_09de4c7a,0.999289,21425_d0d47a2a,0.999222,23502_5a80f907,0.99919,21541_abc67be6,0.999161
22193_c8773ded,22827_f33929ec,0.999212,21093_1bda9bbe,0.997258,20765_99d0665e,0.997112,20622_38dd90d0,0.996563,22910_97f0cc18,0.996328
20735_fb18051a,20389_c835706f,0.999766,20858_15bdad00,0.999553,23045_a8c4e4bc,0.99867,21541_abc67be6,0.99827,23475_b14d1dc8,0.998226
20989_885bd9b9,21825_ce32b0a0,0.999996,20216_89b90993,0.999981,20731_fbdc7731,0.99997,22508_6bb410af,0.99995,23103_43bde2a6,0.999946
20927_826f4b56,20426_79358492,0.999999,20466_4b3e5186,0.999998,20429_4c909f3f,0.999995,20376_eefa9511,0.999993,21267_35a558cc,0.999993
21719_d60b8a4a,22448_1f21757a,0.999853,21550_0b16151d,0.999825,21390_4d1e2d9c,0.999806,20788_d25efea2,0.999806,21779_b99623fc,0.999794
21776_fb0bfbc6,22135_2aa77ff2,0.999962,22014_5880c417,0.999941,21882_795be793,0.99993,23096_7da0f913,0.999928,20910_c64b5d1b,0.999927
23372_4cb88567,22218_2f85f6ae,0.999939,21529_93e51dd9,0.999937,20554_abcb705e,0.999869,20504_c9e14c9d,0.999838,23236_d5867507,0.999795
22895_4533b542,21175_85118898,0.999991,23369_447545f6,0.999991,22074_c0265b0d,0.999988,21793_4ad5e2c0,0.999984,23103_66470b7e,0.999983
20870_dedaef5b,21352_d60bc953,0.985009,23376_9b48819a,0.984417,21450_ea24ffcc,0.979375,21718_1551037b,0.971807,21926_b4c7068b,0.962305
22399_97987ada,21828_21ab2114,0.999947,22706_58a933f4,0.999909,22365_a4eb929c,0.999899,23259_d655fcc1,0.99985,20680_b095cb77,0.99984
20376_eefa9511,21267_35a558cc,1.0,20231_f54462bb,1.0,20479_77930584,1.0,21243_3ec5d732,1.0,20898_5f5b9bc7,0.999999
22180_ce7c3bd8,19518_f220b68a,0.999981,21911_429c1a72,0.99995,22747_3f6faf4c,0.999861,20646_4cd14a72,0.999822,21015_10304cb9,0.999816
20421_49bd1188,23028_2ca87745,0.999899,22196_e5bf8c9d,0.999816,22197_66c5655e,0.999815,21008_a3fec63b,0.999807,20779_fc5a7c3d,0.999775
20530_2246503a,20823_f144e996,0.999905,21779_b99623fc,0.999899,20788_d25efea2,0.99989,22448_1f21757a,0.999829,23417_9a9e9937,0.999796
20815_b3d9e6c9,20817_ef63b1a7,0.999993,23035_6087bb57,0.999969,21358_a69a36f3,0.99992,23152_6f2706c9,0.99988,21817_945cd3c9,0.999877
21809_8bd6b10e,19051_26735260,0.999384,21024_9be3d461,0.997356,20701_6dcbc975,0.995824,21762_90d34d16,0.995735,20293_a1999339,0.995529
22210_649a5363,23406_1d36b046,1.0,21610_5dcf1187,0.999994,21615_f2ecc6e8,0.999994,21616_c6c3347a,0.999994,21140_8d150c65,0.999994
23195_2629864e,22413_901f5867,0.994725,22298_51433023,0.992878,22533_e7298b05,0.991761,23271_f833d903,0.991517,23144_88ca00a5,0.989876
22827_f33929ec,22193_c8773ded,0.999212,20765_99d0665e,0.998192,22910_97f0cc18,0.998078,20622_38dd90d0,0.997765,22081_ab3124af,0.997582
20745_3e22ad07,20737_5249e274,0.996252,23258_87a2ba81,0.994274,23310_7daded69,0.988144,21204_96d26a7f,0.982266,22717_08784417,0.971219
21779_b99623fc,20788_d25efea2,0.99999,22448_1f21757a,0.999984,23417_9a9e9937,0.999938,21390_4d1e2d9c,0.999936,23043_c0827516,0.999923
20212_5d1f2de1,20812_462bd352,0.999994,20468_1c33550a,0.999992,21140_8d150c65,0.999991,21617_ddd3657b,0.999987,21614_5d6afa62,0.999987
21550_0b16151d,23043_c0827516,0.999943,22448_1f21757a,0.999917,20788_d25efea2,0.999896,21779_b99623fc,0.999873,21719_d60b8a4a,0.999825
23209_1592b0a4,23210_f535bfd2,0.999978,20232_e5b060d9,0.999943,23219_40625e2c,0.999875,23245_ccd099b6,0.999869,22270_c6999138,0.999852
22498_b8bdb105,21495_ebbbd369,0.999996,20947_115d4058,0.999996,22844_9b75b8e0,0.999996,23351_6104d55d,0.999996,23022_86e6a8a0,0.999995
23380_abffc859,23120_f7c9092f,0.997925,23026_e6f08109,0.997455,23414_f7d4a688,0.997419,23161_e7f63a9f,0.997183,23251_3eb3d2e6,0.996813
20389_c835706f,20858_15bdad00,0.999863,20735_fb18051a,0.999766,23045_a8c4e4bc,0.999303,23475_b14d1dc8,0.99923,23480_3f7a8d50,0.998489
21429_6d2d3974,22334_677d00e0,0.999637,22251_88fd728c,0.999434,23026_e6f08109,0.99943,23283_fadf3820,0.999252,23379_636204a6,0.999234
21843_effbd24d,21081_72fa4ad1,0.999883,21845_dff8b3a1,0.999882,21121_1e9e7540,0.999786,20643_71ad3d26,0.999786,22417_4a15d62e,0.999776
23439_18900af2,22746_920025a0,0.999998,23239_ba13cf5e,0.999998,20801_0796e2ee,0.999991,21690_5d1f3475,0.999991,22732_cd2af0ac,0.999987
21737_87d83240,22073_951645ae,0.999976,20421_83f66ddc,0.999963,21292_f94bd96b,0.999943,20285_b64b1a7e,0.999938,21224_18ba4aba,0.999937
21496_f4025ad5,21453_679a343c,0.999611,21165_5cb2d287,0.998545,21281_6e562106,0.993997,22727_c514268a,0.993894,21884_cc2c39f9,0.993878
22053_de30641b,23244_34b5f55e,0.999761,20940_9777847c,0.99975,23218_02d26ab4,0.99969,22043_041e1b7c,0.999556,23219_40625e2c,0.999442
22891_b8c84495,20813_726b2714,0.999999,21715_53df62c9,0.999997,21634_e5e20375,0.999995,21051_5d118b91,0.999993,21573_31a18ad0,0.999985
21390_4d1e2d9c,22448_1f21757a,0.999962,20788_d25efea2,0.999948,21779_b99623fc,0.999936,23417_9a9e9937,0.999924,23043_c0827516,0.999906
22378_234fea2c,21588_0c48dc5f,0.999945,22981_93f268ae,0.999937,20495_e8e7e80c,0.999849,20646_4cd14a72,0.999833,20647_cea2e07c,0.99983
22659_0e686e14,22812_cf865ed1,0.999915,21958_e48ddf4e,0.999907,21386_e234c6b6,0.9999,23037_d0df320c,0.999891,22561_067b78ae,0.999852
22304_33009be6,20807_88c198d5,0.999894,21665_2e14b6ff,0.99987,23103_43bde2a6,0.999862,20429_419c4cdd,0.999852,20989_a261efa3,0.999848
20765_99d0665e,22910_97f0cc18,0.999047,22827_f33929ec,0.998192,22081_ab3124af,0.998184,22193_c8773ded,0.997112,22528_f3370a64,0.996893
23422_f214bd4d,20351_dc6e4e1e,0.989574,22483_f4e4b62a,0.987114,7778_3a9748b3,0.986807,22076_20e8a107,0.978626,22492_047b125b,0.973811
23343_f000bdae,20672_0bc07cce,0.999999,23442_28996649,0.999997,20376_eefa9511,0.999996,21267_35a558cc,0.999996,20231_f54462bb,0.999996
23161_e7f63a9f,23156_7788f78a,0.999539,23414_f7d4a688,0.998713,23495_6366269c,0.998405,23251_3eb3d2e6,0.997224,23380_abffc859,0.997183
22011_0832eefe,21626_b34008e6,0.999739,21745_56cbe841,0.999483,23176_1bf2a2d5,0.999483,22534_e899f645,0.999389,20141_b9376856,0.999182
22214_b098105d,21391_78fc6345,0.999891,22078_1758e9fc,0.99982,23341_d5ead6d2,0.999799,22067_624b28e3,0.99979,22681_124bf3a9,0.999779
22046_fe3bae6e,20278_d442e77d,0.996952,22085_e039a7d3,0.992534,23044_9a964a68,0.991573,23282_a1b17daa,0.986026,22666_bdaa1303,0.985767
23204_ff1672a9,20636_ca9eb29a,0.995516,22076_20e8a107,0.994319,22492_047b125b,0.993202,21741_c6faf98e,0.991473,20430_975b8dcf,0.989038
21529_93e51dd9,20554_abcb705e,0.999979,23372_4cb88567,0.999937,20504_c9e14c9d,0.99991,22218_2f85f6ae,0.999816,22837_7644c972,0.999742
20429_419c4cdd,21665_2e14b6ff,0.99999,20807_88c198d5,0.999971,23103_43bde2a6,0.999957,20989_a261efa3,0.999939,20989_885bd9b9,0.999876
20241_8c0d3f83,20241_ccb70dc8,1.0,21422_b2a6bf27,0.999998,20332_0c2a24aa,0.999995,20994_9c88b1ba,0.999994,20340_86125547,0.999994
20440_27177360,21858_f1409ea2,0.999894,21503_34f299ca,0.999706,21365_ab403591,0.999655,23331_192866b6,0.999647,20239_49b65a55,0.999645
20554_abcb705e,21529_93e51dd9,0.999979,20504_c9e14c9d,0.999914,23372_4cb88567,0.999869,22837_7644c972,0.999856,23342_7193a931,0.999697
22135_2aa77ff2,22133_465d7a91,0.999985,20478_c02790cb,0.999974,20671_33532794,0.999967,21776_fb0bfbc6,0.999962,22014_5880c417,0.999961
21204_96d26a7f,23310_7daded69,0.996641,20279_aed6b3b3,0.995031,21685_93737a7a,0.99387,22428_c1ffa51a,0.993684,21805_2ba39d00,0.993643
22259_613f9d44,21467_67965037,0.99998,21176_b5c72bfb,0.999925,23221_42f37ae3,0.99991,22050_e8702dd4,0.999859,20970_d20c6c35,0.999784
20520_7e357152,22134_5e72e871,0.999994,23308_245d257c,0.999989,21563_c72d37a2,0.999959,22383_e5f707a7,0.999954,21566_ff590631,0.999939
20802_802b7d69,20814_5a2be0fb,0.999999,20341_6a1588fb,0.999998,20803_473c87ac,0.999995,22374_aa5bb54d,0.999994,20193_2da4f0a0,0.999993
20392_8b23d193,22142_7891a26a,1.0,20804_0dcacc66,0.999999,21139_cd619b26,0.999999,21119_4f5c95a6,0.999999,22839_113f2990,0.999999
22178_976d2411,23199_75dc1efd,1.0,16550_e88d6986,0.999999,23163_7b143a6f,0.999999,22839_113f2990,0.999999,23250_aa321310,0.999999
22710_77324fc2,23214_0c411aa1,0.999969,23008_3d1bb7b2,0.999964,23172_4ab01e83,0.999952,20322_5a8c6077,0.999944,22383_e5f707a7,0.999934
20245_f1b25d43,21924_bbd9f7a9,0.999446,23154_7c74d190,0.997899,22428_c1ffa51a,0.997458,23378_8d6426ae,0.996055,21685_93737a7a,0.994997
22617_a286f13c,22418_2722dfe8,0.99997,21974_1997ebc3,0.99996,22469_9d87f800,0.999914,23417_9a9e9937,0.999909,22197_94c66357,0.999902
23233_ac09e2e5,21709_4dd88551,0.999854,21697_06656699,0.999838,21511_d07c59c2,0.999371,23467_9f431540,0.999305,22652_dc7405ef,0.999134
21469_abec26c4,23265_07de6a0b,0.999985,23341_d5ead6d2,0.999985,20186_f66e4ad3,0.999942,22224_1e749c32,0.999941,21391_78fc6345,0.999932
22413_901f5867,23271_f833d903,0.997077,23235_f9ccb8b0,0.99557,23195_2629864e,0.994725,22670_9353c710,0.992828,22079_31335df2,0.983363
22061_b50b6b66,20285_b64b1a7e,0.999937,20421_83f66ddc,0.999914,22073_951645ae,0.999904,21737_87d83240,0.999904,23342_7193a931,0.999898
23475_b14d1dc8,23121_cbdf3ebc,0.99968,23480_3f7a8d50,0.999499,23473_1dfa6e40,0.999404,23045_a8c4e4bc,0.999386,20389_c835706f,0.99923
20787_ed64ff5e,23123_f35404c4,0.999536,23226_8d1b5098,0.997662,21545_4384f96e,0.99756,22581_406c16c4,0.997525,21986_67c5509a,0.996882
20746_57a7b346,21926_b4c7068b,0.976144,20351_dc6e4e1e,0.962854,20246_40be7668,0.958226,20533_0a3e112b,0.957746,23376_9b48819a,0.952443
23219_40625e2c,22270_c6999138,0.999961,23210_f535bfd2,0.999917,20232_e5b060d9,0.999877,23209_1592b0a4,0.999875,23323_075a079e,0.999688
22311_553b3456,21133_f9a1614e,0.999959,21840_6847d36c,0.999892,22434_2ad62ed6,0.999878,21828_21ab2114,0.999863,20680_b095cb77,0.999851
22017_6d3be48d,22082_39503fa6,0.99115,22630_b6010fff,0.990554,20319_9f53cd7c,0.989912,21028_d4d30a2e,0.988745,23162_7e2f3d77,0.988486
21091_bbf490e7,21092_32622a83,0.999519,21541_abc67be6,0.999079,21719_d60b8a4a,0.99906,21035_d308c5c4,0.999,21550_0b16151d,0.998994
23480_3f7a8d50,23045_a8c4e4bc,0.999689,20657_913a7675,0.999538,23475_b14d1dc8,0.999499,23252_ef165bed,0.999399,23121_cbdf3ebc,0.999125
20814_5a2be0fb,20341_6a1588fb,0.999999,20802_802b7d69,0.999999,22374_aa5bb54d,0.999997,20994_9c88b1ba,0.999995,20193_2da4f0a0,0.999994
22654_4c426b0f,22414_14ead4a3,0.999847,22638_37f9fe91,0.999818,23468_a0bfb573,0.999627,7780_6c885e81,0.999498,21836_5bc91e49,0.999363
21594_428d32af,23214_0c411aa1,0.999991,20322_5a8c6077,0.999982,20408_b4fda9eb,0.999969,20229_d1ae2ae3,0.999961,20676_9715ec9c,0.999946
22270_c6999138,23219_40625e2c,0.999961,23210_f535bfd2,0.999865,23209_1592b0a4,0.999852,20232_e5b060d9,0.999801,21533_8837772a,0.999734
21062_c4ed6d45,21806_616e985a,1.0,22902_83870421,0.999999,23250_aa321310,0.999998,16550_e88d6986,0.999998,23163_7b143a6f,0.999998
21816_3891a442,21552_4e9c19b1,0.999661,21626_b34008e6,0.999502,20505_017d4cc4,0.999456,21745_56cbe841,0.999402,22323_aa6edb8b,0.99934
21912_3f74887c,21528_a5d5490f,1.0,21185_ac5324ba,0.999747,23323_075a079e,0.999703,21184_971559b6,0.999698,21009_907a2a95,0.999646
22577_cd96733e,20414_a33bd0d7,0.999975,22066_308cdcfe,0.999966,23434_6635ed57,0.999965,20849_9821b6fe,0.999957,23435_e1c96b4d,0.999951
21590_7d092186,20176_a02bde39,0.998116,22440_014f1bac,0.997356,22666_bdaa1303,0.994689,22085_e039a7d3,0.993511,23123_f35404c4,0.992415
21647_6b6cca6f,22717_08784417,0.997374,20546_87dbd755,0.996661,22415_658c81dd,0.987876,23511_8651ac1f,0.976667,22125_e3a4cad4,0.971283
20342_c140780b,23351_6104d55d,0.999999,22261_6efe61e3,0.999999,20947_115d4058,0.999999,20392_8b23d193,0.999998,23403_e539620b,0.999998
21982_bdafa78d,23154_7c74d190,0.980993,23168_7fdf5427,0.979929,21990_7bb6efcf,0.979434,21300_ec7da33e,0.977924,20991_6795af4f,0.977791
20232_e5b060d9,23209_1592b0a4,0.999943,23210_f535bfd2,0.99994,23219_40625e2c,0.999877,23245_ccd099b6,0.999849,22270_c6999138,0.999801
22852_dc1dbed6,21856_f84d9348,0.992853,21423_196855d1,0.990178,23305_2662b29a,0.982352,21592_c5e77a82,0.974347,21426_51651a10,0.971071
22666_bdaa1303,22242_4ceddc2b,0.99818,23282_a1b17daa,0.998127,22440_014f1bac,0.997254,22085_e039a7d3,0.996525,21590_7d092186,0.994689
21977_ce9f4e71,22027_11a2e852,0.999514,21551_c6c2d516,0.999325,21329_1bfecd1d,0.999216,22421_19401bdd,0.999133,22894_5f7c276d,0.999093
22404_66db7dd7,21859_35124f79,0.980909,20544_43691724,0.97376,21352_d60bc953,0.956726,23376_9b48819a,0.940152,21519_3e869afd,0.939905
22374_aa5bb54d,20341_6a1588fb,0.999999,20814_5a2be0fb,0.999997,20802_802b7d69,0.999994,20803_473c87ac,0.999992,20994_9c88b1ba,0.99999
22907_ff18dbd5,21047_60d69af3,1.0,22668_9c30f6c0,0.999999,20385_f2d30908,0.999999,22902_83870421,0.999999,21806_616e985a,0.999997
20801_0796e2ee,22749_346e10ae,0.999998,22899_5b97e4f5,0.999993,23439_18900af2,0.999991,22746_920025a0,0.99999,23184_731e5af0,0.99999
22045_ead71aca,21513_50fb4d62,0.999911,23318_65e3a7c9,0.999892,21008_a3fec63b,0.999875,20892_b1f89c8d,0.999786,22059_b7d76712,0.999762
23339_87a4d11f,23387_c4aa9424,0.999995,20406_dacb0300,0.999963,23435_e1c96b4d,0.999942,22064_e1ba20dd,0.999939,21353_4686c90c,0.999932
22095_af226cbc,23127_38d73061,0.999853,23221_42f37ae3,0.999801,21176_b5c72bfb,0.999742,20758_cdccf572,0.99955,20970_d20c6c35,0.999541
23442_28996649,20705_ac2a0325,0.999999,23343_f000bdae,0.999997,22261_6efe61e3,0.999996,23403_e539620b,0.999996,20672_0bc07cce,0.999995
23028_2ca87745,21008_a3fec63b,0.99996,20421_49bd1188,0.999899,22372_e91792a1,0.999772,21513_50fb4d62,0.999769,21503_34f299ca,0.999736
21573_31a18ad0,21882_795be793,0.999996,20812_462bd352,0.999994,21611_1d3ff1b6,0.999992,20910_c64b5d1b,0.999989,21051_5d118b91,0.999988
20592_573e41b2,21592_c5e77a82,0.838071,23305_2662b29a,0.717316,22852_dc1dbed6,0.695488,21423_196855d1,0.674928,21856_f84d9348,0.625105
22899_5b97e4f5,22749_346e10ae,0.999997,20801_0796e2ee,0.999993,23439_18900af2,0.999973,23184_731e5af0,0.999971,22746_920025a0,0.99997
22062_2d6b3b72,21469_abec26c4,0.999929,20186_f66e4ad3,0.999928,23341_d5ead6d2,0.999922,22224_1e749c32,0.99991,21424_9d516e3a,0.999871
22040_6461a147,20215_e2eb3082,0.999828,23322_8f85d82d,0.999571,20755_4b5e61bf,0.999383,20504_c9e14c9d,0.99927,20554_abcb705e,0.99926
20293_a1999339,21024_9be3d461,0.998532,19566_19d85d3b,0.998043,21744_5ae4d9d5,0.997086,21337_062b39fa,0.996554,20668_b2f2633e,0.996167
22910_97f0cc18,20765_99d0665e,0.999047,22827_f33929ec,0.998078,22081_ab3124af,0.997628,23251_3eb3d2e6,0.996866,22193_c8773ded,0.996328
20934_fe7fbd78,21630_316322ff,1.0,20838_86c931be,1.0,22844_9b75b8e0,0.999999,22257_6fb4c50c,0.999998,21495_ebbbd369,0.999998
23379_636204a6,23313_210c6783,0.999889,23283_fadf3820,0.999858,22251_88fd728c,0.999824,23026_e6f08109,0.999773,22334_677d00e0,0.999321
20803_473c87ac,20802_802b7d69,0.999995,20341_6a1588fb,0.999994,20814_5a2be0fb,0.999992,22374_aa5bb54d,0.999992,20756_75f43564,0.999989
22323_aa6edb8b,21745_56cbe841,0.999671,22341_0f9c52ed,0.999498,22776_facf9bcf,0.999381,21816_3891a442,0.99934,22002_315afcfc,0.999337
22242_4ceddc2b,22666_bdaa1303,0.99818,23282_a1b17daa,0.99735,21941_1a683ec2,0.997087,22440_014f1bac,0.995512,20787_ed64ff5e,0.994805
23271_f833d903,23235_f9ccb8b0,0.997388,22413_901f5867,0.997077,22670_9353c710,0.996363,23195_2629864e,0.991517,21582_a3d32115,0.983887
23121_cbdf3ebc,23473_1dfa6e40,0.999957,23475_b14d1dc8,0.99968,23036_7f9d143f,0.999388,20431_27e7f151,0.999375,23501_6c48b3c1,0.999346
21519_3e869afd,23376_9b48819a,0.962428,20870_dedaef5b,0.957524,21352_d60bc953,0.954845,22404_66db7dd7,0.939905,21718_1551037b,0.927197
23008_3d1bb7b2,22710_77324fc2,0.999964,22383_e5f707a7,0.999963,20387_0d507234,0.999941,21563_c72d37a2,0.999937,21566_ff590631,0.999928
20500_e88d8065,21744_5ae4d9d5,0.999538,22890_4ecfa491,0.999331,19566_19d85d3b,0.998499,21425_d0d47a2a,0.997308,23002_4d53fb3f,0.997103
22155_ab18f2b6,22886_a6331748,0.999991,20682_e208cc63,0.999959,22057_4947db57,0.999953,22892_68138f24,0.999945,20585_09b72895,0.999916
20430_975b8dcf,20636_ca9eb29a,0.99841,23162_7e2f3d77,0.995375,22056_79373464,0.994346,21708_e61bd657,0.993235,22630_b6010fff,0.992819
20647_cea2e07c,20646_4cd14a72,0.999995,21326_ab4d6c43,0.999961,21625_d5d4c9a7,0.999961,22981_93f268ae,0.999955,20495_e8e7e80c,0.999883
22894_5f7c276d,21551_c6c2d516,0.999648,23309_76dcf100,0.999609,21182_a480d230,0.999603,23101_6aec02ee,0.999366,22421_19401bdd,0.999307
23440_5956321f,21848_0fff9631,0.999997,23164_659c91ef,0.999992,22671_fdd1b1e6,0.999991,20908_10574fbf,0.999985,22746_920025a0,0.999985
22508_6bb410af,20731_fbdc7731,0.999993,20822_5bb36119,0.999991,20216_89b90993,0.999982,21825_ce32b0a0,0.99996,20989_885bd9b9,0.99995
21549_18160a0a,23213_3df3cb34,0.999987,23172_4ab01e83,0.999945,21837_b67d788c,0.999906,20823_f144e996,0.999905,21794_4d137e7d,0.9999
21941_1a683ec2,23226_8d1b5098,0.997865,22242_4ceddc2b,0.997087,20787_ed64ff5e,0.996442,23123_f35404c4,0.994658,21545_4384f96e,0.994448
22761_ca309655,23259_d655fcc1,0.999915,21840_6847d36c,0.9999,20680_b095cb77,0.99986,22365_a4eb929c,0.999856,21831_54ca67d1,0.999837
23221_42f37ae3,21176_b5c72bfb,0.999949,22259_613f9d44,0.99991,21467_67965037,0.999908,20970_d20c6c35,0.999844,23127_38d73061,0.999843
22360_42cd6a21,21849_a5f563a6,0.999921,22070_fd1b8e5e,0.999914,21838_5bc448b4,0.99973,23155_d7305c5f,0.999628,21174_861bd902,0.999624
21140_8d150c65,20468_1c33550a,0.999998,23406_1d36b046,0.999995,22843_ff77027f,0.999995,21265_7329c813,0.999995,20741_c337946f,0.999994
22232_cb53774e,22461_0ba0e480,0.999774,23245_ccd099b6,0.999714,20232_e5b060d9,0.999674,20688_955aae0c,0.999631,22341_0f9c52ed,0.99952
23331_192866b6,21503_34f299ca,0.999953,22372_e91792a1,0.99991,23413_6702ec7f,0.999898,21365_ab403591,0.999667,20440_27177360,0.999647
23378_8d6426ae,22278_12f1fb79,0.999297,22428_c1ffa51a,0.999227,21924_bbd9f7a9,0.99809,21685_93737a7a,0.997999,23154_7c74d190,0.997743
23505_161e8ec5,20229_d1ae2ae3,0.99998,22345_bc482c26,0.99998,22313_3a8b93dc,0.999975,23238_3c864758,0.99997,20408_b4fda9eb,0.999966
23239_ba13cf5e,22746_920025a0,0.999998,23439_18900af2,0.999998,23164_659c91ef,0.999991,21690_5d1f3475,0.999989,22732_cd2af0ac,0.999988
23251_3eb3d2e6,23495_6366269c,0.99963,23161_e7f63a9f,0.997224,22910_97f0cc18,0.996866,23380_abffc859,0.996813,23156_7788f78a,0.99521
21133_f9a1614e,22311_553b3456,0.999959,22434_2ad62ed6,0.999942,22812_cf865ed1,0.999925,21386_e234c6b6,0.999856,21271_ec7f62b8,0.999823
22081_ab3124af,22528_f3370a64,0.998911,20622_38dd90d0,0.99856,23083_fdb942ac,0.998517,20765_99d0665e,0.998184,22910_97f0cc18,0.997628
21275_c8049742,21424_9d516e3a,0.999975,23374_57cca189,0.999967,23128_cb135b1b,0.999922,21377_19909a40,0.999922,22162_439af02a,0.999918
21961_1a090a8b,20990_0a226634,0.999958,23103_43bde2a6,0.999906,21478_8fbd4409,0.999903,22049_4da0d894,0.999898,21665_2e14b6ff,0.999868
22056_79373464,22535_0ba01cc9,0.999595,21986_67c5509a,0.998657,23162_7e2f3d77,0.997537,22491_a33562ad,0.997027,23226_8d1b5098,0.996044
22843_cb38a007,21781_5985da6d,1.0,22843_ff77027f,0.999999,21581_8f948e0b,0.999999,22075_12b129d5,0.999997,22058_71feafda,0.999996
21121_1e9e7540,21845_dff8b3a1,0.999962,21843_effbd24d,0.999786,23155_d7305c5f,0.999781,20643_71ad3d26,0.999745,22417_4a15d62e,0.999731
21182_a480d230,20477_633cca4f,0.999789,22419_dfeb5d33,0.999743,23101_6aec02ee,0.999654,22894_5f7c276d,0.999603,21839_a8eb6d34,0.999427
22418_2722dfe8,23417_9a9e9937,0.999979,22617_a286f13c,0.99997,22469_9d87f800,0.99995,21974_1997ebc3,0.999924,21390_4d1e2d9c,0.999899
21357_9edfc0a0,20671_33532794,0.999994,22014_5880c417,0.999989,22133_465d7a91,0.999983,20478_c02790cb,0.999978,20188_98b86c0f,0.999958
21185_ac5324ba,21009_907a2a95,0.999893,21528_a5d5490f,0.999747,21912_3f74887c,0.999747,23373_f5dac851,0.99956,22341_0f9c52ed,0.9994
23156_7788f78a,23161_e7f63a9f,0.999539,23414_f7d4a688,0.99909,23120_f7c9092f,0.996807,23495_6366269c,0.996801,23380_abffc859,0.995696
23162_7e2f3d77,21708_e61bd657,0.998844,22630_b6010fff,0.997853,22056_79373464,0.997537,22082_39503fa6,0.996178,22535_0ba01cc9,0.995572
21838_5bc448b4,22893_eb8aa8ac,0.999961,22070_fd1b8e5e,0.999914,21849_a5f563a6,0.999871,22416_4cd31921,0.999761,22360_42cd6a21,0.99973
20688_955aae0c,20505_017d4cc4,0.999819,22612_28fe0ac2,0.999784,22778_7d85debd,0.999735,23049_207a41f0,0.999711,23451_14c8d09e,0.999685
20419_8ce893b6,22147_12995368,0.999641,20384_767d849a,0.999601,21257_770fee9a,0.999483,20946_6573271d,0.999463,20551_ff28a959,0.999303
23495_6366269c,23251_3eb3d2e6,0.99963,23161_e7f63a9f,0.998405,23156_7788f78a,0.996801,23380_abffc859,0.996677,22910_97f0cc18,0.995284
22334_677d00e0,21429_6d2d3974,0.999637,22251_88fd728c,0.999549,23283_fadf3820,0.999475,23379_636204a6,0.999321,23252_ef165bed,0.999247
20643_71ad3d26,20421_0fd51709,0.999907,23329_6939d5d9,0.999874,21081_72fa4ad1,0.999844,22417_4a15d62e,0.999804,20697_d3e106b4,0.999789
22839_113f2990,21139_cd619b26,1.0,21119_4f5c95a6,1.0,23199_75dc1efd,1.0,20804_0dcacc66,1.0,20898_5f5b9bc7,0.999999
20804_0dcacc66,21119_4f5c95a6,1.0,21139_cd619b26,1.0,22142_7891a26a,1.0,21243_3ec5d732,1.0,22839_113f2990,1.0
21353_4686c90c,23435_e1c96b4d,0.999989,20414_a33bd0d7,0.999959,22589_2c8f7c0b,0.999958,22313_3a8b93dc,0.999956,20849_9821b6fe,0.999945
23236_d5867507,22043_041e1b7c,0.999957,23194_b675acc0,0.999922,20940_9777847c,0.999901,23244_34b5f55e,0.999875,23218_02d26ab4,0.999864
22070_fd1b8e5e,21849_a5f563a6,0.999954,21838_5bc448b4,0.999914,22360_42cd6a21,0.999914,22893_eb8aa8ac,0.999838,23155_d7305c5f,0.999782
20899_a8d7c6d5,22199_8ec9eeb2,0.999709,22534_e899f645,0.9995,22491_a33562ad,0.998843,21028_d4d30a2e,0.998457,20319_9f53cd7c,0.998125
22415_658c81dd,21647_6b6cca6f,0.987876,20546_87dbd755,0.987042,22125_e3a4cad4,0.984935,22717_08784417,0.981351,20799_213bf924,0.980162
20551_ff28a959,20384_767d849a,0.999872,21257_770fee9a,0.99979,22147_12995368,0.999526,20946_6573271d,0.999342,20419_8ce893b6,0.999303
23434_6635ed57,20676_9715ec9c,0.99999,20322_5a8c6077,0.999967,22577_cd96733e,0.999965,22826_199df203,0.99995,20329_414757bb,0.999946
23320_e0711ae9,20609_69f28932,0.99994,22678_ff42f120,0.999906,21603_98a15295,0.999851,22561_067b78ae,0.99981,21386_e234c6b6,0.999771
20892_b1f89c8d,22059_b7d76712,0.999956,21513_50fb4d62,0.999883,23318_65e3a7c9,0.999855,22045_ead71aca,0.999786,21224_18ba4aba,0.999762
21761_fdb5f86d,21785_d595ced5,1.0,20810_f6674f2d,0.999999,21265_7329c813,0.999998,22653_58d6287d,0.999998,20910_c64b5d1b,0.999997
22778_7d85debd,20182_71b9e491,0.999949,20505_017d4cc4,0.999888,20688_955aae0c,0.999735,22612_28fe0ac2,0.999659,23049_207a41f0,0.99963
20958_94222947,23103_66470b7e,0.999994,23408_e5fd25ba,0.999992,21793_4ad5e2c0,0.999991,21175_85118898,0.99999,20212_5d1f2de1,0.999986
23006_92c5b990,20291_42287610,0.999995,23442_28996649,0.999994,20705_ac2a0325,0.999993,21459_a9de5e5b,0.999993,22498_b8bdb105,0.999992
20705_ac2a0325,23442_28996649,0.999999,23343_f000bdae,0.999996,20291_42287610,0.999994,23006_92c5b990,0.999993,22261_6efe61e3,0.999992
22919_3ee91d1a,22228_1c82530b,0.998268,22474_b10fea1a,0.997339,22266_078a1f68,0.996745,21539_cfe1f7fd,0.996105,21202_e452c491,0.995785
23342_7193a931,22061_b50b6b66,0.999898,22837_7644c972,0.999863,20421_83f66ddc,0.999776,21976_807c9b26,0.999767,20285_b64b1a7e,0.999731
21563_c72d37a2,22383_e5f707a7,0.999992,20520_7e357152,0.999959,23214_0c411aa1,0.999955,22134_5e72e871,0.99995,21594_428d32af,0.999939
23214_0c411aa1,21594_428d32af,0.999991,20322_5a8c6077,0.999985,22710_77324fc2,0.999969,21563_c72d37a2,0.999955,20408_b4fda9eb,0.999943
21619_19435db0,21614_5d6afa62,1.0,21613_d57e983a,1.0,21617_ddd3657b,1.0,21610_5dcf1187,1.0,21612_e2981dae,1.0
22900_09de4c7a,21425_d0d47a2a,0.99991,23502_5a80f907,0.999839,21035_d308c5c4,0.999713,23130_7417d5b3,0.999289,21153_a2fb81fe,0.999162
21570_9cb1d1c4,21274_2fb8c3f5,0.999945,22472_f65d3470,0.999822,20406_dacb0300,0.999762,23387_c4aa9424,0.999695,23339_87a4d11f,0.999668
21051_5d118b91,20813_726b2714,0.999995,21634_e5e20375,0.999994,22891_b8c84495,0.999993,23096_7da0f913,0.999993,21882_795be793,0.999991
21614_5d6afa62,21619_19435db0,1.0,21617_ddd3657b,1.0,21613_d57e983a,1.0,21612_e2981dae,1.0,21610_5dcf1187,1.0
21974_1997ebc3,22617_a286f13c,0.99996,22418_2722dfe8,0.999924,22197_94c66357,0.999908,23174_8ef93daf,0.999901,22469_9d87f800,0.999885
22652_dc7405ef,21697_06656699,0.999531,21836_5bc91e49,0.999528,22414_14ead4a3,0.999296,20502_58b65de9,0.999284,23233_ac09e2e5,0.999134
20341_6a1588fb,20814_5a2be0fb,0.999999,22374_aa5bb54d,0.999999,20802_802b7d69,0.999998,20803_473c87ac,0.999994,20994_9c88b1ba,0.999993
21426_51651a10,21165_5cb2d287,0.996298,21856_f84d9348,0.992522,21453_679a343c,0.99195,21496_f4025ad5,0.991634,21423_196855d1,0.987153
22298_51433023,20787_ed64ff5e,0.996027,23226_8d1b5098,0.995197,23123_f35404c4,0.993747,21986_67c5509a,0.992879,23195_2629864e,0.992878
22491_a33562ad,22199_8ec9eeb2,0.999532,20899_a8d7c6d5,0.998843,22535_0ba01cc9,0.998311,23466_1cf60d09,0.998024,22534_e899f645,0.997522
20421_0fd51709,23329_6939d5d9,0.999949,20697_d3e106b4,0.999926,20643_71ad3d26,0.999907,21081_72fa4ad1,0.999744,22168_a84560a9,0.99974
23136_2b469508,23245_ccd099b6,0.998866,22232_cb53774e,0.998808,23211_3aac9c7e,0.998735,23209_1592b0a4,0.998506,20232_e5b060d9,0.998358
23168_7fdf5427,23217_7c6062e3,0.999776,22417_4a15d62e,0.999249,20697_d3e106b4,0.999234,19596_fb9531a5,0.999212,23329_6939d5d9,0.999126
20841_1620ae7d,22021_520ec8c3,0.991853,22919_3ee91d1a,0.991447,22474_b10fea1a,0.991112,22082_39503fa6,0.990559,22228_1c82530b,0.989968
20216_89b90993,20731_fbdc7731,0.999995,22508_6bb410af,0.999982,21825_ce32b0a0,0.999982,20989_885bd9b9,0.999981,20822_5bb36119,0.999973
20157_db99ab88,20239_49b65a55,0.999522,21048_75cc125c,0.999327,22987_37973191,0.998979,22837_7644c972,0.998925,22832_731d3b9f,0.998853
21329_1bfecd1d,21977_ce9f4e71,0.999216,22027_11a2e852,0.998927,22278_12f1fb79,0.99877,21839_a8eb6d34,0.998461,21805_2ba39d00,0.998376
23403_e539620b,22142_7891a26a,0.999999,22261_6efe61e3,0.999999,20392_8b23d193,0.999999,20342_c140780b,0.999998,20804_0dcacc66,0.999998
22074_c0265b0d,23369_447545f6,0.999992,22895_4533b542,0.999988,23409_e27e3b8b,0.99998,23238_3c864758,0.999979,21715_53df62c9,0.999963
21281_6e562106,21049_f644930a,0.999714,21549_18160a0a,0.999616,20823_f144e996,0.999587,23213_3df3cb34,0.999562,20628_e0551f7c,0.99954
21793_4ad5e2c0,21175_85118898,0.999999,20958_94222947,0.999991,23103_66470b7e,0.999988,23164_659c91ef,0.999985,22895_4533b542,0.999984
20319_9f53cd7c,21028_d4d30a2e,0.99925,22534_e899f645,0.999,22011_0832eefe,0.99889,23176_1bf2a2d5,0.998774,21626_b34008e6,0.99852
23387_c4aa9424,23339_87a4d11f,0.999995,22064_e1ba20dd,0.999954,20406_dacb0300,0.999953,23435_e1c96b4d,0.999921,21353_4686c90c,0.999903
22892_68138f24,20682_e208cc63,0.999996,22057_4947db57,0.999995,22155_ab18f2b6,0.999945,21810_718ae2fe,0.999913,22886_a6331748,0.999906
21300_ec7da33e,23377_690165aa,0.999801,23217_7c6062e3,0.999571,20991_6795af4f,0.999341,21134_7aa7cd89,0.999121,23168_7fdf5427,0.998939
21805_2ba39d00,22331_152ee5c0,0.999238,20279_aed6b3b3,0.99907,22278_12f1fb79,0.99861,20818_098cad7c,0.9986,21839_a8eb6d34,0.998378
22442_7d5c5d5f,21450_ea24ffcc,0.98259,20287_072b5bf6,0.982206,20260_4a01a99d,0.981723,21005_9feee615,0.980534,21656_964b0c84,0.979279
21009_907a2a95,21185_ac5324ba,0.999893,23373_f5dac851,0.999776,21528_a5d5490f,0.999646,21912_3f74887c,0.999646,22002_315afcfc,0.999591
21806_616e985a,21062_c4ed6d45,1.0,22902_83870421,0.999999,23163_7b143a6f,0.999997,23250_aa321310,0.999997,16550_e88d6986,0.999997
21352_d60bc953,23376_9b48819a,0.992761,20870_dedaef5b,0.985009,21859_35124f79,0.977047,21718_1551037b,0.97393,21926_b4c7068b,0.966858
22886_a6331748,22155_ab18f2b6,0.999991,20682_e208cc63,0.999931,20585_09b72895,0.99993,22057_4947db57,0.999917,22892_68138f24,0.999906
22142_7891a26a,20804_0dcacc66,1.0,20392_8b23d193,1.0,21119_4f5c95a6,0.999999,21139_cd619b26,0.999999,23403_e539620b,0.999999
22331_152ee5c0,21839_a8eb6d34,0.999318,21805_2ba39d00,0.999238,22278_12f1fb79,0.998948,21329_1bfecd1d,0.998359,22419_dfeb5d33,0.997814
23128_cb135b1b,21377_19909a40,0.999998,22162_439af02a,0.999996,20743_c8ea8159,0.999994,21706_adfb2ece,0.99998,23366_cc0bc28e,0.999976
22653_58d6287d,20741_c337946f,1.0,21785_d595ced5,0.999999,21265_7329c813,0.999999,21761_fdb5f86d,0.999998,20810_f6674f2d,0.999997
23368_648717d8,21708_e61bd657,0.993872,23162_7e2f3d77,0.989741,22630_b6010fff,0.989124,22082_39503fa6,0.984945,20430_975b8dcf,0.984891
23501_6c48b3c1,23036_7f9d143f,0.999864,23152_6f2706c9,0.999813,23034_b38134ee,0.999732,21599_80057f94,0.999654,20817_ef63b1a7,0.999646
21024_9be3d461,20293_a1999339,0.998532,21809_8bd6b10e,0.997356,19566_19d85d3b,0.99717,21700_28d193ac,0.996132,19051_26735260,0.996079
19566_19d85d3b,21744_5ae4d9d5,0.99952,22890_4ecfa491,0.998634,20500_e88d8065,0.998499,20293_a1999339,0.998043,20668_b2f2633e,0.997902
22134_5e72e871,20520_7e357152,0.999994,23308_245d257c,0.999982,21563_c72d37a2,0.99995,22383_e5f707a7,0.999941,21377_19909a40,0.999937
22706_58a933f4,21828_21ab2114,0.999918,22399_97987ada,0.999909,22365_a4eb929c,0.999849,20680_b095cb77,0.999843,21840_6847d36c,0.999829
20823_f144e996,23213_3df3cb34,0.999937,21549_18160a0a,0.999905,20530_2246503a,0.999905,21779_b99623fc,0.999873,21794_4d137e7d,0.999843
23406_1d36b046,22210_649a5363,1.0,21616_c6c3347a,0.999996,21140_8d150c65,0.999995,21615_f2ecc6e8,0.999994,21610_5dcf1187,0.999994
22717_08784417,21647_6b6cca6f,0.997374,20546_87dbd755,0.995057,23511_8651ac1f,0.985714,22415_658c81dd,0.981351,20745_3e22ad07,0.971219
23414_f7d4a688,23120_f7c9092f,0.999272,23156_7788f78a,0.99909,23161_e7f63a9f,0.998713,23380_abffc859,0.997419,23495_6366269c,0.995216
21692_777db9e2,22047_5a090f16,0.999614,21037_62248d34,0.999614,22057_4947db57,0.999575,20225_4ce6d59b,0.999554,22155_ab18f2b6,0.999554
20792_d2ea0500,20806_ca60b7ae,0.997278,22154_24342da4,0.997273,22129_48b47c52,0.997171,20451_84d8b290,0.996832,20451_557fe5cd,0.996824
20926_4c0f33f6,22216_4b032400,0.999694,21831_54ca67d1,0.999673,21248_0a862e3e,0.999584,22886_a6331748,0.999546,23259_d655fcc1,0.999536
21248_0a862e3e,22216_4b032400,0.999975,21831_54ca67d1,0.999943,20585_09b72895,0.99993,21840_6847d36c,0.999874,22886_a6331748,0.999837
22365_a4eb929c,20680_b095cb77,0.999984,21828_21ab2114,0.999969,23259_d655fcc1,0.99996,22399_97987ada,0.999899,22761_ca309655,0.999856
22257_6fb4c50c,21630_316322ff,0.999999,22844_9b75b8e0,0.999999,20934_fe7fbd78,0.999998,21781_5985da6d,0.999998,22075_12b129d5,0.999998
20674_2fb6cabd,22825_f4c18d65,0.999742,23034_b38134ee,0.999177,21599_80057f94,0.999043,21570_9cb1d1c4,0.998967,20815_b3d9e6c9,0.998901
22028_776fbf0d,23419_ea47995f,0.995967,22065_0d414124,0.989731,22306_c3dca308,0.988516,20502_58b65de9,0.988275,22652_dc7405ef,0.987606
23036_7f9d143f,23152_6f2706c9,0.999924,23501_6c48b3c1,0.999864,23035_6087bb57,0.99977,20817_ef63b1a7,0.999765,20815_b3d9e6c9,0.999677
20743_c8ea8159,23128_cb135b1b,0.999994,21706_adfb2ece,0.999992,21377_19909a40,0.999989,23366_cc0bc28e,0.999984,22162_439af02a,0.999981
22668_9c30f6c0,22902_83870421,0.999999,21047_60d69af3,0.999999,22907_ff18dbd5,0.999999,20385_f2d30908,0.999999,21616_c6c3347a,0.999998
22266_078a1f68,21539_cfe1f7fd,0.999889,22228_1c82530b,0.999613,22474_b10fea1a,0.999498,23466_1cf60d09,0.9989,20899_a8d7c6d5,0.997612
21882_795be793,21573_31a18ad0,0.999996,21611_1d3ff1b6,0.999994,20910_c64b5d1b,0.999994,21051_5d118b91,0.999991,23096_7da0f913,0.999991
21601_360ce1c7,19810_f77c5501,0.999453,20421_38b63ca5,0.999422,22035_101c7ab4,0.999362,23041_8d3ea25c,0.999106,21700_28d193ac,0.998935
23102_211ad1db,21497_9833a679,0.999967,22762_dcbdd14d,0.999964,21271_ec7f62b8,0.99992,22983_0ab3faaf,0.999912,23178_eb4b4280,0.9999
21092_32622a83,21091_bbf490e7,0.999519,21550_0b16151d,0.999426,21719_d60b8a4a,0.999338,20628_e0551f7c,0.999332,23043_c0827516,0.999124
23039_b3d04774,23265_07de6a0b,0.999975,23341_d5ead6d2,0.999935,21469_abec26c4,0.999925,22377_d490f505,0.999922,21391_78fc6345,0.999919
23132_1847c4ef,21923_41fa6eda,0.999934,22126_e1cca10f,0.999779,21009_907a2a95,0.998987,23373_f5dac851,0.998818,23176_1bf2a2d5,0.998748
19810_f77c5501,23041_8d3ea25c,0.999788,21601_360ce1c7,0.999453,20163_3742f394,0.999276,21621_711e1918,0.99891,23322_8f85d82d,0.998449
20385_f2d30908,21047_60d69af3,1.0,22907_ff18dbd5,0.999999,22668_9c30f6c0,0.999999,22902_83870421,0.999998,20741_c337946f,0.999997
22727_c514268a,20797_78b83489,0.999434,23036_7f9d143f,0.998379,21281_6e562106,0.998376,23501_6c48b3c1,0.998368,23473_1dfa6e40,0.998364
22278_12f1fb79,23378_8d6426ae,0.999297,22331_152ee5c0,0.998948,21329_1bfecd1d,0.99877,21839_a8eb6d34,0.998685,21805_2ba39d00,0.99861
21599_80057f94,20815_b3d9e6c9,0.999829,20817_ef63b1a7,0.999819,23158_c7e753c2,0.999792,23035_6087bb57,0.999756,23152_6f2706c9,0.999707
23226_8d1b5098,21941_1a683ec2,0.997865,20787_ed64ff5e,0.997662,21545_4384f96e,0.997118,21986_67c5509a,0.997117,22581_406c16c4,0.996056
21292_f94bd96b,21737_87d83240,0.999943,20789_1809f41f,0.999935,21224_18ba4aba,0.999923,20421_83f66ddc,0.999868,22073_951645ae,0.999863
23502_5a80f907,22900_09de4c7a,0.999839,21035_d308c5c4,0.999838,21425_d0d47a2a,0.99966,23130_7417d5b3,0.99919,21153_a2fb81fe,0.998943
23144_88ca00a5,22533_e7298b05,0.995922,21580_b8b2571b,0.995353,20636_ca9eb29a,0.992741,20430_975b8dcf,0.990056,23195_2629864e,0.989876
23048_8a1a5553,21063_037107dc,0.997043,23053_139f2009,0.984058,23156_7788f78a,0.980139,23161_e7f63a9f,0.978042,23495_6366269c,0.976214
20278_d442e77d,22085_e039a7d3,0.998369,22046_fe3bae6e,0.996952,23282_a1b17daa,0.994643,22666_bdaa1303,0.99367,22242_4ceddc2b,0.988712
21202_e452c491,23363_60e39812,0.998801,21695_1f33863f,0.998531,22126_e1cca10f,0.997495,22228_1c82530b,0.996934,22474_b10fea1a,0.996805
23026_e6f08109,23379_636204a6,0.999773,23313_210c6783,0.999607,22251_88fd728c,0.999562,23283_fadf3820,0.999437,21429_6d2d3974,0.99943
20822_5bb36119,22508_6bb410af,0.999991,20731_fbdc7731,0.999989,20216_89b90993,0.999973,21825_ce32b0a0,0.999957,23178_eb4b4280,0.999946
22405_20f11d58,22402_a62e84b4,0.999914,20668_b2f2633e,0.998711,21739_57582b8f,0.998096,22764_b884dce6,0.997639,21093_1bda9bbe,0.996678
20188_98b86c0f,20478_c02790cb,0.999981,20436_41b730a3,0.99998,22133_465d7a91,0.999979,20671_33532794,0.999978,20332_0c2a24aa,0.999965
20349_a12428da,21244_d67bbabc,0.972154,21557_53eafe15,0.949138,23044_9a964a68,0.946223,22357_e2f7b060,0.930461,21244_24c3ce72,0.926199
21244_24c3ce72,22430_c6f08b03,0.994722,21421_fb12b69b,0.987628,21244_d67bbabc,0.984512,21236_b696e901,0.981788,21069_508a9947,0.977495
21274_2fb8c3f5,21570_9cb1d1c4,0.999945,20406_dacb0300,0.999935,22472_f65d3470,0.999922,23387_c4aa9424,0.999872,23339_87a4d11f,0.999863
20898_5f5b9bc7,21243_3ec5d732,1.0,21119_4f5c95a6,1.0,21139_cd619b26,1.0,20479_77930584,0.999999,20231_f54462bb,0.999999
22440_014f1bac,23123_f35404c4,0.998163,21590_7d092186,0.997356,22666_bdaa1303,0.997254,22581_406c16c4,0.997015,20787_ed64ff5e,0.996671
22199_8ec9eeb2,20899_a8d7c6d5,0.999709,22491_a33562ad,0.999532,22534_e899f645,0.998904,23466_1cf60d09,0.998362,21028_d4d30a2e,0.997587
22729_232da678,20281_a29f9a18,0.999944,22224_1e749c32,0.999943,22062_2d6b3b72,0.999852,23318_65e3a7c9,0.999831,20431_0088a0dd,0.999809
20636_ca9eb29a,20430_975b8dcf,0.99841,23204_ff1672a9,0.995516,23144_88ca00a5,0.992741,23162_7e2f3d77,0.989336,21708_e61bd657,0.988158
21611_1d3ff1b6,21613_d57e983a,0.999995,21617_ddd3657b,0.999995,20812_462bd352,0.999994,21882_795be793,0.999994,21619_19435db0,0.999994
22125_e3a4cad4,22415_658c81dd,0.984935,21647_6b6cca6f,0.971283,20546_87dbd755,0.961079,22717_08784417,0.95606,20675_66ac9773,0.955548
21979_29f59427,20701_6dcbc975,0.999266,21164_de08f61e,0.998836,21918_976c2754,0.998396,21028_d4d30a2e,0.998235,23493_57512264,0.996961
21048_75cc125c,20239_49b65a55,0.999701,20157_db99ab88,0.999327,22078_1758e9fc,0.999181,22067_624b28e3,0.999149,20421_83f66ddc,0.999125
21831_54ca67d1,22216_4b032400,0.99998,21840_6847d36c,0.999949,21248_0a862e3e,0.999943,22761_ca309655,0.999837,20585_09b72895,0.999819
22586_ff3651b2,20925_dc64a33a,0.999972,20387_0d507234,0.999965,22784_bcace961,0.999935,23174_8ef93daf,0.999927,21566_ff590631,0.999923
21422_b2a6bf27,20241_8c0d3f83,0.999998,20241_ccb70dc8,0.999998,20332_0c2a24aa,0.999995,20994_9c88b1ba,0.99999,20340_86125547,0.99999
23259_d655fcc1,20680_b095cb77,0.999968,22365_a4eb929c,0.99996,22761_ca309655,0.999915,21828_21ab2114,0.999885,22399_97987ada,0.99985
21497_9833a679,22762_dcbdd14d,0.999968,23102_211ad1db,0.999967,21271_ec7f62b8,0.999953,22983_0ab3faaf,0.999946,23438_b1ef78f4,0.999935
22245_ca848576,21958_e48ddf4e,0.999833,23170_6ea8ded5,0.999819,22312_3f366a4a,0.999812,21271_ec7f62b8,0.999744,22659_0e686e14,0.999732
21848_0fff9631,23440_5956321f,0.999997,22671_fdd1b1e6,0.999991,20908_10574fbf,0.99999,22589_2c8f7c0b,0.999984,23164_659c91ef,0.999979
20731_fbdc7731,20216_89b90993,0.999995,22508_6bb410af,0.999993,20822_5bb36119,0.999989,21825_ce32b0a0,0.999978,20989_885bd9b9,0.99997
21015_10304cb9,20259_de1ab632,0.999957,21911_429c1a72,0.999853,22377_d490f505,0.999852,20646_4cd14a72,0.999848,20647_cea2e07c,0.99983
23210_f535bfd2,23209_1592b0a4,0.999978,20232_e5b060d9,0.99994,23219_40625e2c,0.999917,22270_c6999138,0.999865,23245_ccd099b6,0.999757
22784_bcace961,21566_ff590631,0.999994,20925_dc64a33a,0.999989,20387_0d507234,0.999936,22586_ff3651b2,0.999935,22383_e5f707a7,0.999918
22630_b6010fff,21164_de08f61e,0.997884,23162_7e2f3d77,0.997853,22082_39503fa6,0.997255,21028_d4d30a2e,0.99597,21708_e61bd657,0.995372
20755_4b5e61bf,21858_f1409ea2,0.999454,22040_6461a147,0.999383,22035_101c7ab4,0.999382,20779_fc5a7c3d,0.999272,21365_ab403591,0.999244
23002_4d53fb3f,22890_4ecfa491,0.999204,21541_abc67be6,0.998682,23130_7417d5b3,0.998602,21153_a2fb81fe,0.998445,21744_5ae4d9d5,0.99735
20291_42287610,23006_92c5b990,0.999995,20705_ac2a0325,0.999994,20469_b6211bfd,0.999994,23442_28996649,0.999991,23021_047d1f8a,0.999983
23245_ccd099b6,23209_1592b0a4,0.999869,20232_e5b060d9,0.999849,23210_f535bfd2,0.999757,22232_cb53774e,0.999714,23323_075a079e,0.999707
21580_b8b2571b,21762_90d34d16,0.99731,20260_4a01a99d,0.996275,23144_88ca00a5,0.995353,20287_072b5bf6,0.993504,21656_964b0c84,0.9935
21365_ab403591,21858_f1409ea2,0.999874,21503_34f299ca,0.999807,22372_e91792a1,0.999681,23331_192866b6,0.999667,20440_27177360,0.999655
22014_5880c417,21357_9edfc0a0,0.999989,20671_33532794,0.999979,22133_465d7a91,0.999968,22135_2aa77ff2,0.999961,20478_c02790cb,0.999957
21630_316322ff,20934_fe7fbd78,1.0,22844_9b75b8e0,1.0,22257_6fb4c50c,0.999999,20838_86c931be,0.999999,21495_ebbbd369,0.999999
22349_6f67a96e,20467_f1fcc009,0.999995,23311_ad36a9ec,0.999989,22058_71feafda,0.999989,23021_047d1f8a,0.999988,23239_ba13cf5e,0.999987
21316_69ed56f5,23511_8651ac1f,0.873778,21982_bdafa78d,0.866032,20245_f1b25d43,0.853091,21924_bbd9f7a9,0.843159,23154_7c74d190,0.840886
20281_a29f9a18,22729_232da678,0.999944,22224_1e749c32,0.999915,21625_d5d4c9a7,0.999904,20495_e8e7e80c,0.999897,23318_65e3a7c9,0.999819
21243_3ec5d732,20898_5f5b9bc7,1.0,20479_77930584,1.0,20231_f54462bb,1.0,21267_35a558cc,1.0,20376_eefa9511,1.0
21545_4384f96e,22581_406c16c4,0.99985,21986_67c5509a,0.998863,23123_f35404c4,0.997871,23466_1cf60d09,0.997814,20787_ed64ff5e,0.99756
23258_87a2ba81,20737_5249e274,0.999223,23310_7daded69,0.996937,20745_3e22ad07,0.994274,21204_96d26a7f,0.9924,21685_93737a7a,0.981873
21839_a8eb6d34,22419_dfeb5d33,0.999534,21182_a480d230,0.999427,22331_152ee5c0,0.999318,20477_633cca4f,0.999259,22027_11a2e852,0.998985
23123_f35404c4,20787_ed64ff5e,0.999536,22581_406c16c4,0.998288,22440_014f1bac,0.998163,21545_4384f96e,0.997871,21986_67c5509a,0.996573
21425_d0d47a2a,22900_09de4c7a,0.99991,21035_d308c5c4,0.999698,23502_5a80f907,0.99966,21153_a2fb81fe,0.999409,23130_7417d5b3,0.999222
22419_dfeb5d33,20477_633cca4f,0.99991,21182_a480d230,0.999743,21839_a8eb6d34,0.999534,23101_6aec02ee,0.999471,21174_861bd902,0.999119
21986_67c5509a,22535_0ba01cc9,0.999131,21545_4384f96e,0.998863,22056_79373464,0.998657,22581_406c16c4,0.99822,23466_1cf60d09,0.997754
21035_d308c5c4,23502_5a80f907,0.999838,22900_09de4c7a,0.999713,21425_d0d47a2a,0.999698,21153_a2fb81fe,0.999181,23130_7417d5b3,0.999137
21859_35124f79,22404_66db7dd7,0.980909,20544_43691724,0.977876,21352_d60bc953,0.977047,23376_9b48819a,0.967279,21926_b4c7068b,0.964489
22421_19401bdd,21551_c6c2d516,0.999745,22027_11a2e852,0.99972,23101_6aec02ee,0.999696,20697_d3e106b4,0.999577,23329_6939d5d9,0.999559
22787_49022c32,22357_e2f7b060,0.993884,21557_53eafe15,0.992663,20278_d442e77d,0.987041,22670_9353c710,0.982158,22085_e039a7d3,0.981851
23103_66470b7e,20958_94222947,0.999994,21175_85118898,0.999989,21793_4ad5e2c0,0.999988,21573_31a18ad0,0.999986,21715_53df62c9,0.999986
20505_017d4cc4,22778_7d85debd,0.999888,23049_207a41f0,0.999876,22612_28fe0ac2,0.999866,20182_71b9e491,0.999859,23451_14c8d09e,0.999819
23044_9a964a68,22046_fe3bae6e,0.991573,21557_53eafe15,0.984019,20278_d442e77d,0.98311,22357_e2f7b060,0.979532,22787_49022c32,0.977195
20682_e208cc63,22892_68138f24,0.999996,22057_4947db57,0.99999,22155_ab18f2b6,0.999959,22886_a6331748,0.999931,21810_718ae2fe,0.999901
21976_807c9b26,22131_6b4b60f8,0.999944,23321_c9497b79,0.999894,23342_7193a931,0.999767,22043_041e1b7c,0.999602,23236_d5867507,0.999497
21865_c190b734,23184_731e5af0,0.999963,22671_fdd1b1e6,0.999956,20801_0796e2ee,0.999947,22749_346e10ae,0.999944,22746_920025a0,0.999942
20426_79358492,20466_4b3e5186,1.0,20927_826f4b56,0.999999,20429_4c909f3f,0.999998,20376_eefa9511,0.999994,21267_35a558cc,0.999994
22076_20e8a107,23204_ff1672a9,0.994319,22492_047b125b,0.992232,7778_3a9748b3,0.98917,21741_c6faf98e,0.987581,20533_0a3e112b,0.985643
23217_7c6062e3,23168_7fdf5427,0.999776,21300_ec7da33e,0.999571,22421_19401bdd,0.999432,20697_d3e106b4,0.999374,23377_690165aa,0.999373
23408_e5fd25ba,20958_94222947,0.999992,21793_4ad5e2c0,0.999981,21175_85118898,0.999977,20212_5d1f2de1,0.999973,23103_66470b7e,0.999973
22443_fa24c6f9,21541_abc67be6,0.994685,21035_d308c5c4,0.994531,21091_bbf490e7,0.994471,21092_32622a83,0.99411,23130_7417d5b3,0.994022
21706_adfb2ece,21600_0027c6fc,0.999993,20743_c8ea8159,0.999992,23409_e27e3b8b,0.999983,23128_cb135b1b,0.99998,21377_19909a40,0.999976
23265_07de6a0b,21469_abec26c4,0.999985,23039_b3d04774,0.999975,23341_d5ead6d2,0.999973,22377_d490f505,0.999946,21391_78fc6345,0.999929
21745_56cbe841,21626_b34008e6,0.999888,23176_1bf2a2d5,0.999729,22323_aa6edb8b,0.999671,22776_facf9bcf,0.999608,20141_b9376856,0.999532
20466_4b3e5186,20426_79358492,1.0,20429_4c909f3f,0.999999,20927_826f4b56,0.999998,20898_5f5b9bc7,0.999995,20376_eefa9511,0.999995
21695_1f33863f,23363_60e39812,0.999952,22126_e1cca10f,0.999372,21185_ac5324ba,0.999176,21009_907a2a95,0.998916,21184_971559b6,0.998658
19518_f220b68a,22180_ce7c3bd8,0.999981,22747_3f6faf4c,0.999905,21911_429c1a72,0.999888,20646_4cd14a72,0.999762,20285_b64b1a7e,0.999755
22313_3a8b93dc,22066_308cdcfe,0.999978,23505_161e8ec5,0.999975,20414_a33bd0d7,0.999973,23238_3c864758,0.999966,20849_9821b6fe,0.999965
22251_88fd728c,23283_fadf3820,0.999863,23379_636204a6,0.999824,23026_e6f08109,0.999562,22334_677d00e0,0.999549,23313_210c6783,0.999491
21613_d57e983a,21617_ddd3657b,1.0,21619_19435db0,1.0,21614_5d6afa62,1.0,21610_5dcf1187,1.0,21612_e2981dae,1.0
22067_624b28e3,22214_b098105d,0.99979,22378_234fea2c,0.999711,22078_1758e9fc,0.999651,21391_78fc6345,0.999639,21588_0c48dc5f,0.999625
21005_9feee615,21656_964b0c84,0.995837,20260_4a01a99d,0.993426,20287_072b5bf6,0.992677,21580_b8b2571b,0.987483,20165_2b088be5,0.985536
23250_aa321310,16550_e88d6986,1.0,23163_7b143a6f,1.0,22178_976d2411,0.999999,23199_75dc1efd,0.999998,21062_c4ed6d45,0.999998
23155_d7305c5f,21845_dff8b3a1,0.99981,22893_eb8aa8ac,0.999796,22070_fd1b8e5e,0.999782,21121_1e9e7540,0.999781,22416_4cd31921,0.999777
22749_346e10ae,20801_0796e2ee,0.999998,22899_5b97e4f5,0.999997,23184_731e5af0,0.999984,23439_18900af2,0.999981,22746_920025a0,0.999979
20818_098cad7c,20279_aed6b3b3,0.999546,21797_69df08d5,0.999162,23273_8f301ce3,0.99908,20959_d4905d19,0.998707,21805_2ba39d00,0.9986
7780_6c885e81,23127_38d73061,0.999765,22706_58a933f4,0.999749,22259_613f9d44,0.999692,23468_a0bfb573,0.99969,21386_e234c6b6,0.999572
21581_8f948e0b,22843_cb38a007,0.999999,23311_ad36a9ec,0.999999,22058_71feafda,0.999998,22843_ff77027f,0.999998,21781_5985da6d,0.999997
20186_f66e4ad3,20756_75f43564,0.999951,23341_d5ead6d2,0.999948,22227_aca28ff2,0.999948,21469_abec26c4,0.999942,23215_08a54de0,0.999942
23322_8f85d82d,22040_6461a147,0.999571,20182_71b9e491,0.999402,22778_7d85debd,0.999214,22612_28fe0ac2,0.999132,20505_017d4cc4,0.999076
23235_f9ccb8b0,22670_9353c710,0.999261,23271_f833d903,0.997388,22413_901f5867,0.99557,23195_2629864e,0.986544,23282_a1b17daa,0.984804
21528_a5d5490f,21912_3f74887c,1.0,21185_ac5324ba,0.999747,23323_075a079e,0.999703,21184_971559b6,0.999698,21009_907a2a95,0.999646
23466_1cf60d09,22266_078a1f68,0.9989,21539_cfe1f7fd,0.998664,22199_8ec9eeb2,0.998362,22491_a33562ad,0.998024,20899_a8d7c6d5,0.997942
21467_67965037,22259_613f9d44,0.99998,23221_42f37ae3,0.999908,21176_b5c72bfb,0.999891,20970_d20c6c35,0.999866,22050_e8702dd4,0.999852
20165_2b088be5,21337_062b39fa,0.995357,20287_072b5bf6,0.993326,21762_90d34d16,0.992882,22764_b884dce6,0.992432,21580_b8b2571b,0.99222
22581_406c16c4,21545_4384f96e,0.99985,23123_f35404c4,0.998288,21986_67c5509a,0.99822,23466_1cf60d09,0.997791,20787_ed64ff5e,0.997525
21781_5985da6d,22843_cb38a007,1.0,22843_ff77027f,0.999999,22075_12b129d5,0.999999,22257_6fb4c50c,0.999998,22844_9b75b8e0,0.999997
21267_35a558cc,20376_eefa9511,1.0,20231_f54462bb,1.0,20479_77930584,1.0,21243_3ec5d732,1.0,20898_5f5b9bc7,0.999999
21849_a5f563a6,22070_fd1b8e5e,0.999954,22360_42cd6a21,0.999921,21838_5bc448b4,0.999871,22893_eb8aa8ac,0.999785,23155_d7305c5f,0.999743
20722_90d46353,22987_37973191,0.999443,22832_731d3b9f,0.999213,21790_aaf9224a,0.998671,20431_27e7f151,0.998459,23501_6c48b3c1,0.998082
23213_3df3cb34,21549_18160a0a,0.999987,23172_4ab01e83,0.999957,21794_4d137e7d,0.99995,20823_f144e996,0.999937,21837_b67d788c,0.999861
22073_951645ae,21737_87d83240,0.999976,20285_b64b1a7e,0.999957,21326_ab4d6c43,0.999941,20421_83f66ddc,0.999939,22061_b50b6b66,0.999904
22341_0f9c52ed,22002_315afcfc,0.999952,22776_facf9bcf,0.999843,23323_075a079e,0.999772,20141_b9376856,0.999714,22461_0ba0e480,0.999706
22075_12b129d5,21459_a9de5e5b,0.999999,21781_5985da6d,0.999999,22844_9b75b8e0,0.999999,21495_ebbbd369,0.999998,21630_316322ff,0.999998
22762_dcbdd14d,22983_0ab3faaf,0.999987,21497_9833a679,0.999968,21271_ec7f62b8,0.999964,23102_211ad1db,0.999964,22561_067b78ae,0.999957
21722_68aeba65,21492_8bd34fc1,0.994446,22028_776fbf0d,0.983758,23419_ea47995f,0.968652,22306_c3dca308,0.964367,22211_b1ee53f0,0.959788
22133_465d7a91,20478_c02790cb,0.999997,20671_33532794,0.999991,22135_2aa77ff2,0.999985,21357_9edfc0a0,0.999983,20188_98b86c0f,0.999979
21592_c5e77a82,22852_dc1dbed6,0.974347,23305_2662b29a,0.970164,21423_196855d1,0.957355,21856_f84d9348,0.945168,21426_51651a10,0.902991
21511_d07c59c2,23467_9f431540,0.999829,21352_c1101acb,0.999738,23468_a0bfb573,0.999714,19596_fb9531a5,0.999459,21843_effbd24d,0.999411
21994_357aac6f,21184_971559b6,0.999603,21528_a5d5490f,0.999518,21912_3f74887c,0.999518,21533_8837772a,0.999463,22270_c6999138,0.999314
20671_33532794,21357_9edfc0a0,0.999994,22133_465d7a91,0.999991,20478_c02790cb,0.999985,22014_5880c417,0.999979,20188_98b86c0f,0.999978
20697_d3e106b4,23329_6939d5d9,0.999984,20421_0fd51709,0.999926,22417_4a15d62e,0.999815,20643_71ad3d26,0.999789,22168_a84560a9,0.999764
20241_ccb70dc8,20241_8c0d3f83,1.0,21422_b2a6bf27,0.999998,20332_0c2a24aa,0.999995,20994_9c88b1ba,0.999994,20340_86125547,0.999994
21557_53eafe15,22357_e2f7b060,0.995567,22787_49022c32,0.992663,23044_9a964a68,0.984019,21421_fb12b69b,0.978704,22430_c6f08b03,0.973039
7778_3a9748b3,22076_20e8a107,0.98917,23422_f214bd4d,0.986807,22492_047b125b,0.986438,21741_c6faf98e,0.985483,23204_ff1672a9,0.978439
20488_589ac9c0,21781_5985da6d,0.999994,22843_cb38a007,0.999993,22075_12b129d5,0.999993,22843_ff77027f,0.999993,22257_6fb4c50c,0.999992
23374_57cca189,21275_c8049742,0.999967,21424_9d516e3a,0.999948,23308_245d257c,0.999915,21600_0027c6fc,0.999903,20520_7e357152,0.999902
22129_48b47c52,22154_24342da4,0.999682,20806_ca60b7ae,0.999663,20946_6573271d,0.999484,22147_12995368,0.999285,21257_770fee9a,0.998838
20176_a02bde39,21590_7d092186,0.998116,22440_014f1bac,0.996252,22919_3ee91d1a,0.995429,22666_bdaa1303,0.992143,22581_406c16c4,0.990909
19596_fb9531a5,22417_4a15d62e,0.999608,22168_a84560a9,0.999587,21081_72fa4ad1,0.999479,23468_a0bfb573,0.999465,21511_d07c59c2,0.999459
20438_5f344b00,22367_b4a67e61,0.99997,23438_b1ef78f4,0.999968,22026_62afa265,0.999956,20429_9dd95c38,0.999927,22236_db209dff,0.999909
23419_ea47995f,22065_0d414124,0.997861,22652_dc7405ef,0.996975,20502_58b65de9,0.996782,22211_b1ee53f0,0.9963,22306_c3dca308,0.996257
22035_101c7ab4,20421_38b63ca5,0.999801,20779_fc5a7c3d,0.999423,21365_ab403591,0.999391,20755_4b5e61bf,0.999382,21601_360ce1c7,0.999362
20989_a261efa3,20807_88c198d5,0.99998,21665_2e14b6ff,0.999951,20429_419c4cdd,0.999939,22140_9cda24cc,0.999909,22049_4da0d894,0.999908
23127_38d73061,22095_af226cbc,0.999853,21176_b5c72bfb,0.999847,23221_42f37ae3,0.999843,7780_6c885e81,0.999765,22259_613f9d44,0.999762
23354_8182b4eb,23435_e1c96b4d,0.999946,22577_cd96733e,0.999946,20414_a33bd0d7,0.999937,20849_9821b6fe,0.999937,22064_e1ba20dd,0.999918
21685_93737a7a,22428_c1ffa51a,0.998844,23378_8d6426ae,0.997999,22278_12f1fb79,0.997105,21924_bbd9f7a9,0.996814,20279_aed6b3b3,0.995835
21989_a0b5037d,23120_f7c9092f,0.994425,23414_f7d4a688,0.992918,23156_7788f78a,0.98882,23161_e7f63a9f,0.986053,21429_6d2d3974,0.985827
22027_11a2e852,22421_19401bdd,0.99972,23101_6aec02ee,0.999551,21977_ce9f4e71,0.999514,23377_690165aa,0.99946,21551_c6c2d516,0.999371
21184_971559b6,21528_a5d5490f,0.999698,21912_3f74887c,0.999698,21994_357aac6f,0.999603,21185_ac5324ba,0.99928,22270_c6999138,0.999254
20547_ec8cfd0d,20860_b8e9a191,0.788881,20246_40be7668,0.650276,21316_69ed56f5,0.601505,20586_cbec2689,0.562097,23422_f214bd4d,0.543098
20479_77930584,20231_f54462bb,1.0,21267_35a558cc,1.0,20376_eefa9511,1.0,21243_3ec5d732,1.0,20898_5f5b9bc7,0.999999
22589_2c8f7c0b,20908_10574fbf,0.999989,21848_0fff9631,0.999984,23440_5956321f,0.999972,22671_fdd1b1e6,0.999966,23369_447545f6,0.999961
20741_c337946f,22653_58d6287d,1.0,21265_7329c813,0.999998,21785_d595ced5,0.999998,20385_f2d30908,0.999997,21047_60d69af3,0.999997
20237_06b27bf5,21828_21ab2114,0.9999,22365_a4eb929c,0.999837,22399_97987ada,0.999826,22812_cf865ed1,0.999771,21843_effbd24d,0.999764
20431_0088a0dd,22680_1f4026f6,0.999936,22729_232da678,0.999809,22045_ead71aca,0.999758,22681_124bf3a9,0.999755,22062_2d6b3b72,0.999741
22417_4a15d62e,23329_6939d5d9,0.999851,20697_d3e106b4,0.999815,21081_72fa4ad1,0.999815,20643_71ad3d26,0.999804,21352_c1101acb,0.999785
20672_0bc07cce,20479_77930584,0.999999,20231_f54462bb,0.999999,21267_35a558cc,0.999999,20376_eefa9511,0.999999,21243_3ec5d732,0.999999
21616_c6c3347a,22668_9c30f6c0,0.999998,22902_83870421,0.999997,21047_60d69af3,0.999997,22257_6fb4c50c,0.999996,22907_ff18dbd5,0.999996
22576_d05619d1,20620_8a5226b4,0.999977,20926_4c0f33f6,0.999504,20225_4ce6d59b,0.999188,21692_777db9e2,0.999019,21490_d07ff9f8,0.998717
20946_6573271d,22147_12995368,0.999974,21257_770fee9a,0.999871,20384_767d849a,0.999658,22129_48b47c52,0.999484,20419_8ce893b6,0.999463
22483_f4e4b62a,22079_31335df2,0.99284,23422_f214bd4d,0.987114,20351_dc6e4e1e,0.985466,22492_047b125b,0.984304,21741_c6faf98e,0.981039
20467_f1fcc009,22058_71feafda,0.999997,23311_ad36a9ec,0.999997,22349_6f67a96e,0.999995,23021_047d1f8a,0.999993,21581_8f948e0b,0.999992
20279_aed6b3b3,20818_098cad7c,0.999546,21805_2ba39d00,0.99907,23273_8f301ce3,0.998528,21797_69df08d5,0.998371,20959_d4905d19,0.997345
22058_71feafda,23311_ad36a9ec,0.999999,21581_8f948e0b,0.999998,20467_f1fcc009,0.999997,22843_cb38a007,0.999996,22843_ff77027f,0.999995
23413_6702ec7f,22372_e91792a1,0.999943,23331_192866b6,0.999898,21503_34f299ca,0.999874,21837_b67d788c,0.999854,20628_e0551f7c,0.999778
21093_1bda9bbe,20668_b2f2633e,0.998751,21739_57582b8f,0.998369,19566_19d85d3b,0.997807,22764_b884dce6,0.997435,22193_c8773ded,0.997258
20544_43691724,21859_35124f79,0.977876,22404_66db7dd7,0.97376,21926_b4c7068b,0.948693,21352_d60bc953,0.942354,23376_9b48819a,0.928074
22764_b884dce6,21739_57582b8f,0.999779,20668_b2f2633e,0.998818,21337_062b39fa,0.998017,22405_20f11d58,0.997639,21093_1bda9bbe,0.997435
21069_508a9947,22430_c6f08b03,0.98105,21244_24c3ce72,0.977495,22483_f4e4b62a,0.971792,22079_31335df2,0.96424,21351_675c66b1,0.961692
20959_d4905d19,20818_098cad7c,0.998707,21134_7aa7cd89,0.998574,21797_69df08d5,0.998419,21805_2ba39d00,0.998068,23309_76dcf100,0.997929
20421_83f66ddc,21737_87d83240,0.999963,22073_951645ae,0.999939,20789_1809f41f,0.999932,22061_b50b6b66,0.999914,20285_b64b1a7e,0.999889
22472_f65d3470,22749_346e10ae,0.999966,22899_5b97e4f5,0.99996,20801_0796e2ee,0.99995,23184_731e5af0,0.999939,21274_2fb8c3f5,0.999922
20260_4a01a99d,21656_964b0c84,0.998357,20287_072b5bf6,0.996323,21580_b8b2571b,0.996275,21005_9feee615,0.993426,21762_90d34d16,0.993332
23309_76dcf100,22894_5f7c276d,0.999609,21182_a480d230,0.999381,21709_4dd88551,0.999291,23233_ac09e2e5,0.99902,21697_06656699,0.998725
21790_aaf9224a,22987_37973191,0.999725,22832_731d3b9f,0.999581,20239_49b65a55,0.998947,21858_f1409ea2,0.998835,20157_db99ab88,0.998798
23152_6f2706c9,20817_ef63b1a7,0.999928,23036_7f9d143f,0.999924,23035_6087bb57,0.999897,20815_b3d9e6c9,0.99988,23501_6c48b3c1,0.999813
21257_770fee9a,22147_12995368,0.999927,20384_767d849a,0.999903,20946_6573271d,0.999871,20551_ff28a959,0.99979,20419_8ce893b6,0.999483
22306_c3dca308,22211_b1ee53f0,0.9998,22065_0d414124,0.998442,23273_8f301ce3,0.998015,20818_098cad7c,0.997495,21797_69df08d5,0.99714
20628_e0551f7c,23413_6702ec7f,0.999778,21049_f644930a,0.999774,21550_0b16151d,0.999756,23043_c0827516,0.999693,22372_e91792a1,0.999663
20838_86c931be,20934_fe7fbd78,1.0,21495_ebbbd369,0.999999,21630_316322ff,0.999999,22844_9b75b8e0,0.999999,23351_6104d55d,0.999998
22154_24342da4,20806_ca60b7ae,0.999999,22129_48b47c52,0.999682,20451_557fe5cd,0.99965,20451_84d8b290,0.99965,21862_ec534e16,0.999513
22980_3cb3bcc8,23493_57512264,0.999872,21918_976c2754,0.998835,23041_8d3ea25c,0.998551,22011_0832eefe,0.998433,19810_f77c5501,0.998395
20478_c02790cb,22133_465d7a91,0.999997,20671_33532794,0.999985,20188_98b86c0f,0.999981,21357_9edfc0a0,0.999978,22135_2aa77ff2,0.999974
20477_633cca4f,22419_dfeb5d33,0.99991,21182_a480d230,0.999789,23101_6aec02ee,0.99978,21839_a8eb6d34,0.999259,21174_861bd902,0.999194
20225_4ce6d59b,21692_777db9e2,0.999554,20620_8a5226b4,0.999199,22576_d05619d1,0.999188,20806_ca60b7ae,0.998925,20451_557fe5cd,0.99892
20797_78b83489,23034_b38134ee,0.999474,22727_c514268a,0.999434,22825_f4c18d65,0.999285,23501_6c48b3c1,0.999209,23036_7f9d143f,0.999069
23376_9b48819a,21352_d60bc953,0.992761,20870_dedaef5b,0.984417,21718_1551037b,0.980846,21926_b4c7068b,0.980416,21859_35124f79,0.967279
22534_e899f645,20899_a8d7c6d5,0.9995,22011_0832eefe,0.999389,20319_9f53cd7c,0.999,21028_d4d30a2e,0.998926,22199_8ec9eeb2,0.998904
22079_31335df2,22483_f4e4b62a,0.99284,22492_047b125b,0.99059,21741_c6faf98e,0.989666,22413_901f5867,0.983363,23195_2629864e,0.974659
22414_14ead4a3,22654_4c426b0f,0.999847,22638_37f9fe91,0.99981,21836_5bc91e49,0.999762,20502_58b65de9,0.999384,22652_dc7405ef,0.999296
23313_210c6783,23379_636204a6,0.999889,23283_fadf3820,0.999712,23026_e6f08109,0.999607,23083_fdb942ac,0.999607,22251_88fd728c,0.999491
21600_0027c6fc,21706_adfb2ece,0.999993,23409_e27e3b8b,0.999986,20743_c8ea8159,0.999981,23238_3c864758,0.999975,21377_19909a40,0.999968
21081_72fa4ad1,22168_a84560a9,0.999927,21843_effbd24d,0.999883,20643_71ad3d26,0.999844,22417_4a15d62e,0.999815,23329_6939d5d9,0.999764
21423_196855d1,21856_f84d9348,0.995379,22852_dc1dbed6,0.990178,21426_51651a10,0.987153,23305_2662b29a,0.969968,21165_5cb2d287,0.969939
22670_9353c710,23235_f9ccb8b0,0.999261,23271_f833d903,0.996363,22413_901f5867,0.992828,21582_a3d32115,0.988027,22357_e2f7b060,0.983092
20421_38b63ca5,22035_101c7ab4,0.999801,21601_360ce1c7,0.999422,20779_fc5a7c3d,0.998908,21092_32622a83,0.998876,21719_d60b8a4a,0.998861
21718_1551037b,23376_9b48819a,0.980846,21352_d60bc953,0.97393,21450_ea24ffcc,0.972055,20870_dedaef5b,0.971807,22533_e7298b05,0.968507
20585_09b72895,22886_a6331748,0.99993,21248_0a862e3e,0.99993,22155_ab18f2b6,0.999916,20682_e208cc63,0.999857,22216_4b032400,0.999844
21828_21ab2114,22365_a4eb929c,0.999969,22399_97987ada,0.999947,20680_b095cb77,0.999929,22706_58a933f4,0.999918,20237_06b27bf5,0.9999
20511_e1b972aa,22064_e1ba20dd,0.999966,21817_945cd3c9,0.999954,21358_a69a36f3,0.999952,20329_414757bb,0.99993,22577_cd96733e,0.999898
22671_fdd1b1e6,23184_731e5af0,0.999996,22746_920025a0,0.999992,21848_0fff9631,0.999991,23440_5956321f,0.999991,23239_ba13cf5e,0.999984
21139_cd619b26,21119_4f5c95a6,1.0,20804_0dcacc66,1.0,22839_113f2990,1.0,21243_3ec5d732,1.0,20898_5f5b9bc7,1.0
23184_731e5af0,22671_fdd1b1e6,0.999996,20801_0796e2ee,0.99999,22746_920025a0,0.99999,22749_346e10ae,0.999984,23439_18900af2,0.999982
20990_0a226634,23103_43bde2a6,0.999959,21961_1a090a8b,0.999958,21665_2e14b6ff,0.999929,22049_4da0d894,0.999914,20989_885bd9b9,0.999913
20586_cbec2689,21063_037107dc,0.9801,21989_a0b5037d,0.971543,23048_8a1a5553,0.963782,23156_7788f78a,0.962048,23414_f7d4a688,0.959652
20182_71b9e491,22778_7d85debd,0.999949,20505_017d4cc4,0.999859,22612_28fe0ac2,0.999586,23049_207a41f0,0.99958,20688_955aae0c,0.999525
22981_93f268ae,20646_4cd14a72,0.999957,20647_cea2e07c,0.999955,22378_234fea2c,0.999937,21588_0c48dc5f,0.999918,21326_ab4d6c43,0.999915
20989_d1b8b0f8,22092_897b0ffa,0.999847,22218_2f85f6ae,0.999835,23211_3aac9c7e,0.999682,23194_b675acc0,0.999657,20688_955aae0c,0.999642
20451_557fe5cd,20451_84d8b290,1.0,21862_ec534e16,0.999988,22136_a539c50b,0.999979,20806_ca60b7ae,0.999672,22047_5a090f16,0.999665
22825_f4c18d65,23034_b38134ee,0.999824,20674_2fb6cabd,0.999742,21599_80057f94,0.999427,20817_ef63b1a7,0.99937,23152_6f2706c9,0.999355
20533_0a3e112b,21991_ab98f156,0.9882,22076_20e8a107,0.985643,23053_139f2009,0.984215,23204_ff1672a9,0.983433,22492_047b125b,0.975616
22196_e5bf8c9d,22197_66c5655e,0.999991,22196_0deb2e34,0.999989,22197_94c66357,0.999879,20421_49bd1188,0.999816,20779_fc5a7c3d,0.999759
21165_5cb2d287,21453_679a343c,0.999024,21496_f4025ad5,0.998545,21426_51651a10,0.996298,21884_cc2c39f9,0.988868,21865_c190b734,0.988772
23101_6aec02ee,20477_633cca4f,0.99978,22421_19401bdd,0.999696,21182_a480d230,0.999654,21551_c6c2d516,0.999589,22027_11a2e852,0.999551
20817_ef63b1a7,20815_b3d9e6c9,0.999993,23035_6087bb57,0.999978,23152_6f2706c9,0.999928,21358_a69a36f3,0.999913,21817_945cd3c9,0.99987
22141_5db99710,21186_d1698d8c,0.999943,21448_5646a1b6,0.999889,23438_b1ef78f4,0.999872,22367_b4a67e61,0.999865,22983_0ab3faaf,0.999865
20860_b8e9a191,20586_cbec2689,0.929985,21063_037107dc,0.927066,23048_8a1a5553,0.927031,20246_40be7668,0.919992,23422_f214bd4d,0.905165
21610_5dcf1187,21612_e2981dae,1.0,21619_19435db0,1.0,21615_f2ecc6e8,1.0,21614_5d6afa62,1.0,21613_d57e983a,1.0
20285_b64b1a7e,22073_951645ae,0.999957,21737_87d83240,0.999938,22061_b50b6b66,0.999937,21326_ab4d6c43,0.999915,22747_3f6faf4c,0.999912
21741_c6faf98e,22492_047b125b,0.998305,23204_ff1672a9,0.991473,22079_31335df2,0.989666,22076_20e8a107,0.987581,7778_3a9748b3,0.985483
21377_19909a40,23128_cb135b1b,0.999998,22162_439af02a,0.999995,20743_c8ea8159,0.999989,21706_adfb2ece,0.999976,21600_0027c6fc,0.999968
23174_8ef93daf,21794_4d137e7d,0.999932,22586_ff3651b2,0.999927,21974_1997ebc3,0.999901,20387_0d507234,0.999885,23008_3d1bb7b2,0.999877
22448_1f21757a,20788_d25efea2,0.999991,21779_b99623fc,0.999984,23043_c0827516,0.999963,21390_4d1e2d9c,0.999962,21550_0b16151d,0.999917
21621_711e1918,22376_3ebc82a2,0.999263,19810_f77c5501,0.99891,21790_aaf9224a,0.998787,20163_3742f394,0.998541,21552_4e9c19b1,0.998484
22261_6efe61e3,20342_c140780b,0.999999,23403_e539620b,0.999999,20947_115d4058,0.999999,23351_6104d55d,0.999999,22142_7891a26a,0.999998
20495_e8e7e80c,21588_0c48dc5f,0.99997,21625_d5d4c9a7,0.999957,22377_d490f505,0.999928,20281_a29f9a18,0.999897,20647_cea2e07c,0.999883
23282_a1b17daa,22666_bdaa1303,0.998127,22242_4ceddc2b,0.99735,22085_e039a7d3,0.99528,20278_d442e77d,0.994643,22440_014f1bac,0.992047
22078_1758e9fc,21588_0c48dc5f,0.999826,22214_b098105d,0.99982,22072_5163223a,0.999799,20495_e8e7e80c,0.999772,21391_78fc6345,0.999746
21744_5ae4d9d5,20500_e88d8065,0.999538,19566_19d85d3b,0.99952,22890_4ecfa491,0.999265,23002_4d53fb3f,0.99735,20293_a1999339,0.997086
22812_cf865ed1,21386_e234c6b6,0.999966,21958_e48ddf4e,0.99995,22434_2ad62ed6,0.999928,21133_f9a1614e,0.999925,22659_0e686e14,0.999915
21566_ff590631,22784_bcace961,0.999994,20925_dc64a33a,0.999978,22383_e5f707a7,0.999951,20387_0d507234,0.99994,20520_7e357152,0.999939
21337_062b39fa,22764_b884dce6,0.998017,21739_57582b8f,0.997672,20668_b2f2633e,0.996853,20293_a1999339,0.996554,21093_1bda9bbe,0.996236
23467_9f431540,21511_d07c59c2,0.999829,21352_c1101acb,0.999568,19596_fb9531a5,0.999384,21697_06656699,0.999371,22417_4a15d62e,0.99934
22434_2ad62ed6,21271_ec7f62b8,0.999959,21133_f9a1614e,0.999942,22812_cf865ed1,0.999928,22312_3f366a4a,0.999914,22561_067b78ae,0.999902
22236_db209dff,21564_fa5b2db7,0.999973,22283_36ba29c9,0.999948,20438_5f344b00,0.999909,23438_b1ef78f4,0.999906,21603_98a15295,0.999906
20951_2918f2fa,21451_fea6f0d1,0.999971,20802_802b7d69,0.999957,20340_86125547,0.999954,20814_5a2be0fb,0.999949,20994_9c88b1ba,0.999949
21186_d1698d8c,22983_0ab3faaf,0.999969,22141_5db99710,0.999943,22762_dcbdd14d,0.999929,23037_d0df320c,0.999921,23438_b1ef78f4,0.999909
20609_69f28932,21603_98a15295,0.999973,23320_e0711ae9,0.99994,22678_ff42f120,0.999931,21384_b9774b93,0.999904,21448_5646a1b6,0.999889
22064_e1ba20dd,20511_e1b972aa,0.999966,23387_c4aa9424,0.999954,23339_87a4d11f,0.999939,23354_8182b4eb,0.999918,22577_cd96733e,0.999899
21008_a3fec63b,23028_2ca87745,0.99996,21513_50fb4d62,0.999888,22045_ead71aca,0.999875,20421_49bd1188,0.999807,23318_65e3a7c9,0.999759
21739_57582b8f,22764_b884dce6,0.999779,20668_b2f2633e,0.999275,21093_1bda9bbe,0.998369,22405_20f11d58,0.998096,22402_a62e84b4,0.997985
21990_7bb6efcf,23170_6ea8ded5,0.999217,22245_ca848576,0.999213,23438_b1ef78f4,0.999182,22312_3f366a4a,0.999142,20438_5f344b00,0.999136
22357_e2f7b060,21557_53eafe15,0.995567,22787_49022c32,0.993884,22430_c6f08b03,0.985412,21421_fb12b69b,0.983876,22670_9353c710,0.983092
23021_047d1f8a,20467_f1fcc009,0.999993,22058_71feafda,0.999993,23311_ad36a9ec,0.999989,23006_92c5b990,0.999988,22349_6f67a96e,0.999988
20812_462bd352,21611_1d3ff1b6,0.999994,21613_d57e983a,0.999994,21617_ddd3657b,0.999994,20212_5d1f2de1,0.999994,21619_19435db0,0.999994
21119_4f5c95a6,21139_cd619b26,1.0,20804_0dcacc66,1.0,22839_113f2990,1.0,21243_3ec5d732,1.0,20898_5f5b9bc7,1.0
21174_861bd902,21849_a5f563a6,0.999731,22360_42cd6a21,0.999624,22070_fd1b8e5e,0.999513,21838_5bc448b4,0.999349,20477_633cca4f,0.999194
22057_4947db57,22892_68138f24,0.999995,20682_e208cc63,0.99999,22155_ab18f2b6,0.999953,22886_a6331748,0.999917,21037_62248d34,0.999909
20858_15bdad00,20389_c835706f,0.999863,20735_fb18051a,0.999553,23475_b14d1dc8,0.999123,23045_a8c4e4bc,0.999101,21541_abc67be6,0.998362
20384_767d849a,21257_770fee9a,0.999903,20551_ff28a959,0.999872,22147_12995368,0.999787,20946_6573271d,0.999658,20419_8ce893b6,0.999601
22059_b7d76712,20892_b1f89c8d,0.999956,21513_50fb4d62,0.999931,23318_65e3a7c9,0.999886,22045_ead71aca,0.999762,21008_a3fec63b,0.999648
22197_94c66357,21974_1997ebc3,0.999908,22617_a286f13c,0.999902,22196_e5bf8c9d,0.999879,22197_66c5655e,0.999852,22418_2722dfe8,0.999844
22080_594bcb66,20792_d2ea0500,0.907687,22678_ff42f120,0.899734,20990_0a226634,0.898859,23103_43bde2a6,0.89884,22050_e8702dd4,0.898821
21450_ea24ffcc,22442_7d5c5d5f,0.98259,21656_964b0c84,0.981593,21005_9feee615,0.981165,20870_dedaef5b,0.979375,20260_4a01a99d,0.973929
20799_213bf924,20675_66ac9773,0.998703,22415_658c81dd,0.980162,20546_87dbd755,0.978517,21647_6b6cca6f,0.966264,22717_08784417,0.955809
20504_c9e14c9d,20554_abcb705e,0.999914,21529_93e51dd9,0.99991,23372_4cb88567,0.999838,22218_2f85f6ae,0.999771,22837_7644c972,0.999757
21533_8837772a,22270_c6999138,0.999734,23219_40625e2c,0.999639,21994_357aac6f,0.999463,23210_f535bfd2,0.999388,23209_1592b0a4,0.999303
20436_41b730a3,20188_98b86c0f,0.99998,22862_f5406bb0,0.999968,20332_0c2a24aa,0.999962,20671_33532794,0.999957,20994_9c88b1ba,0.999942
20229_d1ae2ae3,20408_b4fda9eb,0.999987,23505_161e8ec5,0.99998,22066_308cdcfe,0.999974,21594_428d32af,0.999961,20849_9821b6fe,0.999954
21244_d67bbabc,21244_24c3ce72,0.984512,21236_b696e901,0.980307,21421_fb12b69b,0.978804,22430_c6f08b03,0.975571,21557_53eafe15,0.9726
23318_65e3a7c9,21513_50fb4d62,0.999929,22045_ead71aca,0.999892,22059_b7d76712,0.999886,20892_b1f89c8d,0.999855,22729_232da678,0.999831
22893_eb8aa8ac,21838_5bc448b4,0.999961,22416_4cd31921,0.999893,22070_fd1b8e5e,0.999838,23155_d7305c5f,0.999796,21845_dff8b3a1,0.999785
23409_e27e3b8b,23238_3c864758,0.999992,21600_0027c6fc,0.999986,21706_adfb2ece,0.999983,22074_c0265b0d,0.99998,22345_bc482c26,0.999979
22066_308cdcfe,20414_a33bd0d7,0.999995,20849_9821b6fe,0.999992,22313_3a8b93dc,0.999978,20229_d1ae2ae3,0.999974,22577_cd96733e,0.999966
23363_60e39812,21695_1f33863f,0.999952,22126_e1cca10f,0.999288,21185_ac5324ba,0.998857,21202_e452c491,0.998801,21009_907a2a95,0.998621
20737_5249e274,23258_87a2ba81,0.999223,20745_3e22ad07,0.996252,23310_7daded69,0.995222,21204_96d26a7f,0.992664,21685_93737a7a,0.979581
23329_6939d5d9,20697_d3e106b4,0.999984,20421_0fd51709,0.999949,20643_71ad3d26,0.999874,22417_4a15d62e,0.999851,22168_a84560a9,0.999773
21884_cc2c39f9,22345_bc482c26,0.999959,23369_447545f6,0.999954,22074_c0265b0d,0.999948,22895_4533b542,0.999943,20908_10574fbf,0.999939
20231_f54462bb,21267_35a558cc,1.0,20376_eefa9511,1.0,20479_77930584,1.0,21243_3ec5d732,1.0,20898_5f5b9bc7,0.999999
20322_5a8c6077,23214_0c411aa1,0.999985,21594_428d32af,0.999982,23434_6635ed57,0.999967,20676_9715ec9c,0.999966,20322_daa5c577,0.999963
22528_f3370a64,23083_fdb942ac,0.999451,22081_ab3124af,0.998911,23313_210c6783,0.998224,20735_fb18051a,0.998152,23379_636204a6,0.997263
22168_a84560a9,21081_72fa4ad1,0.999927,22417_4a15d62e,0.999779,23329_6939d5d9,0.999773,20697_d3e106b4,0.999764,20421_0fd51709,0.99974
21513_50fb4d62,22059_b7d76712,0.999931,23318_65e3a7c9,0.999929,22045_ead71aca,0.999911,21008_a3fec63b,0.999888,20892_b1f89c8d,0.999883
22043_041e1b7c,23236_d5867507,0.999957,20940_9777847c,0.999889,23244_34b5f55e,0.999851,23321_c9497b79,0.999828,22131_6b4b60f8,0.999816
21224_18ba4aba,21326_ab4d6c43,0.999968,21737_87d83240,0.999937,21292_f94bd96b,0.999923,22072_5163223a,0.999922,22073_951645ae,0.999898
20246_40be7668,20351_dc6e4e1e,0.97833,23422_f214bd4d,0.961167,20746_57a7b346,0.958226,22483_f4e4b62a,0.932438,20860_b8e9a191,0.919992
22837_7644c972,23342_7193a931,0.999863,20554_abcb705e,0.999856,20504_c9e14c9d,0.999757,21529_93e51dd9,0.999742,20421_83f66ddc,0.999736
22843_ff77027f,22843_cb38a007,0.999999,21781_5985da6d,0.999999,21581_8f948e0b,0.999998,20468_1c33550a,0.999998,23311_ad36a9ec,0.999996
23244_34b5f55e,23218_02d26ab4,0.999991,20940_9777847c,0.999988,23236_d5867507,0.999875,22043_041e1b7c,0.999851,23211_3aac9c7e,0.999828
21840_6847d36c,21831_54ca67d1,0.999949,22216_4b032400,0.99991,22761_ca309655,0.9999,22311_553b3456,0.999892,20680_b095cb77,0.999883
21282_b2d83538,22727_c514268a,0.997109,20797_78b83489,0.996692,20657_913a7675,0.996209,20722_90d46353,0.995205,23480_3f7a8d50,0.995001
23176_1bf2a2d5,21745_56cbe841,0.999729,21626_b34008e6,0.999645,22011_0832eefe,0.999483,22323_aa6edb8b,0.999287,21923_41fa6eda,0.999118
23341_d5ead6d2,21469_abec26c4,0.999985,21391_78fc6345,0.99998,23265_07de6a0b,0.999973,20186_f66e4ad3,0.999948,23039_b3d04774,0.999935
21503_34f299ca,23331_192866b6,0.999953,22372_e91792a1,0.999944,23413_6702ec7f,0.999874,21365_ab403591,0.999807,23028_2ca87745,0.999736
20322_daa5c577,22826_199df203,0.999971,20322_5a8c6077,0.999963,23476_705b76d1,0.999962,20676_9715ec9c,0.999948,23434_6635ed57,0.999936
21531_79015e13,22469_9d87f800,0.999777,23417_9a9e9937,0.999611,22418_2722dfe8,0.999557,21390_4d1e2d9c,0.999548,22617_a286f13c,0.999532
22383_e5f707a7,21563_c72d37a2,0.999992,23008_3d1bb7b2,0.999963,20520_7e357152,0.999954,21566_ff590631,0.999951,22134_5e72e871,0.999941
20779_fc5a7c3d,22197_66c5655e,0.999795,20421_49bd1188,0.999775,22196_0deb2e34,0.999769,22196_e5bf8c9d,0.999759,23028_2ca87745,0.999607
20910_c64b5d1b,20810_f6674f2d,0.999999,21761_fdb5f86d,0.999997,21785_d595ced5,0.999996,21617_ddd3657b,0.999995,21614_5d6afa62,0.999995
21453_679a343c,21496_f4025ad5,0.999611,21165_5cb2d287,0.999024,21884_cc2c39f9,0.994134,21865_c190b734,0.993867,22345_bc482c26,0.993721
23158_c7e753c2,22064_e1ba20dd,0.999822,23387_c4aa9424,0.999807,21599_80057f94,0.999792,23339_87a4d11f,0.999769,20511_e1b972aa,0.999755
21856_f84d9348,21423_196855d1,0.995379,22852_dc1dbed6,0.992853,21426_51651a10,0.992522,21165_5cb2d287,0.981044,21496_f4025ad5,0.975264
20469_b6211bfd,20291_42287610,0.999994,20705_ac2a0325,0.99998,23006_92c5b990,0.999979,23442_28996649,0.999972,23021_047d1f8a,0.99997
22126_e1cca10f,23132_1847c4ef,0.999779,21923_41fa6eda,0.999651,21009_907a2a95,0.999409,21695_1f33863f,0.999372,23363_60e39812,0.999288
20908_10574fbf,21848_0fff9631,0.99999,22589_2c8f7c0b,0.999989,23440_5956321f,0.999985,21175_85118898,0.999982,23369_447545f6,0.999981
23096_7da0f913,21051_5d118b91,0.999993,21882_795be793,0.999991,21634_e5e20375,0.999989,21573_31a18ad0,0.99998,22891_b8c84495,0.99998
22072_5163223a,21224_18ba4aba,0.999922,21326_ab4d6c43,0.999902,22981_93f268ae,0.999892,21625_d5d4c9a7,0.999872,21588_0c48dc5f,0.999857
23120_f7c9092f,23414_f7d4a688,0.999272,23380_abffc859,0.997925,23156_7788f78a,0.996807,23161_e7f63a9f,0.996692,23026_e6f08109,0.995948
23438_b1ef78f4,20438_5f344b00,0.999968,21497_9833a679,0.999935,22367_b4a67e61,0.999934,21186_d1698d8c,0.999909,22236_db209dff,0.999906
22678_ff42f120,22561_067b78ae,0.999934,20609_69f28932,0.999931,23320_e0711ae9,0.999906,23037_d0df320c,0.999902,22983_0ab3faaf,0.99988
23194_b675acc0,23236_d5867507,0.999922,22043_041e1b7c,0.999802,23372_4cb88567,0.999769,22218_2f85f6ae,0.999752,23211_3aac9c7e,0.999732
20406_dacb0300,23339_87a4d11f,0.999963,23387_c4aa9424,0.999953,21274_2fb8c3f5,0.999935,23184_731e5af0,0.999914,21353_4686c90c,0.999913
22228_1c82530b,22474_b10fea1a,0.999719,22266_078a1f68,0.999613,21539_cfe1f7fd,0.999514,22919_3ee91d1a,0.998268,23466_1cf60d09,0.997894
23199_75dc1efd,22178_976d2411,1.0,22839_113f2990,1.0,21139_cd619b26,0.999999,21119_4f5c95a6,0.999999,16550_e88d6986,0.999999
23310_7daded69,23258_87a2ba81,0.996937,21204_96d26a7f,0.996641,20737_5249e274,0.995222,22428_c1ffa51a,0.992755,21685_93737a7a,0.992054
21923_41fa6eda,23132_1847c4ef,0.999934,22126_e1cca10f,0.999651,23373_f5dac851,0.999166,21009_907a2a95,0.99912,23176_1bf2a2d5,0.999118
20788_d25efea2,22448_1f21757a,0.999991,21779_b99623fc,0.99999,23043_c0827516,0.999949,21390_4d1e2d9c,0.999948,23417_9a9e9937,0.999905
20340_86125547,20994_9c88b1ba,0.999999,20332_0c2a24aa,0.999995,20241_8c0d3f83,0.999994,20241_ccb70dc8,0.999994,20814_5a2be0fb,0.999992
21958_e48ddf4e,22812_cf865ed1,0.99995,22659_0e686e14,0.999907,21386_e234c6b6,0.999899,22434_2ad62ed6,0.999885,22312_3f366a4a,0.99985
16550_e88d6986,23250_aa321310,1.0,23163_7b143a6f,1.0,22178_976d2411,0.999999,23199_75dc1efd,0.999999,21062_c4ed6d45,0.999998
21358_a69a36f3,21817_945cd3c9,0.999988,23035_6087bb57,0.999969,20511_e1b972aa,0.999952,20815_b3d9e6c9,0.99992,20817_ef63b1a7,0.999913
20701_6dcbc975,21979_29f59427,0.999266,21918_976c2754,0.998711,21164_de08f61e,0.996925,21028_d4d30a2e,0.996863,23493_57512264,0.996382
21924_bbd9f7a9,20245_f1b25d43,0.999446,22428_c1ffa51a,0.998924,23154_7c74d190,0.998489,23378_8d6426ae,0.99809,21685_93737a7a,0.996814
20451_84d8b290,20451_557fe5cd,1.0,21862_ec534e16,0.999987,22136_a539c50b,0.999979,20806_ca60b7ae,0.999672,22047_5a090f16,0.999664
22085_e039a7d3,20278_d442e77d,0.998369,22666_bdaa1303,0.996525,23282_a1b17daa,0.99528,21590_7d092186,0.993511,22046_fe3bae6e,0.992534
22983_0ab3faaf,22762_dcbdd14d,0.999987,23037_d0df320c,0.999969,21186_d1698d8c,0.999969,22561_067b78ae,0.999966,21271_ec7f62b8,0.999949
20947_115d4058,23351_6104d55d,1.0,21495_ebbbd369,0.999999,20342_c140780b,0.999999,22261_6efe61e3,0.999999,20838_86c931be,0.999998
23045_a8c4e4bc,23480_3f7a8d50,0.999689,23475_b14d1dc8,0.999386,23252_ef165bed,0.999307,20389_c835706f,0.999303,20657_913a7675,0.999199
20259_de1ab632,21015_10304cb9,0.999957,23039_b3d04774,0.999915,22377_d490f505,0.999871,20951_2918f2fa,0.99986,23265_07de6a0b,0.999843
22367_b4a67e61,22026_62afa265,0.999993,20429_9dd95c38,0.999982,20438_5f344b00,0.99997,23438_b1ef78f4,0.999934,21448_5646a1b6,0.999899
20849_9821b6fe,22066_308cdcfe,0.999992,20414_a33bd0d7,0.999988,22313_3a8b93dc,0.999965,23435_e1c96b4d,0.999963,22577_cd96733e,0.999957
22469_9d87f800,23417_9a9e9937,0.999957,22418_2722dfe8,0.99995,22617_a286f13c,0.999914,21974_1997ebc3,0.999885,21390_4d1e2d9c,0.999856
23435_e1c96b4d,21353_4686c90c,0.999989,20414_a33bd0d7,0.999981,20849_9821b6fe,0.999963,22066_308cdcfe,0.999958,22577_cd96733e,0.999951
23043_c0827516,22448_1f21757a,0.999963,20788_d25efea2,0.999949,21550_0b16151d,0.999943,21779_b99623fc,0.999923,21390_4d1e2d9c,0.999906
23154_7c74d190,21924_bbd9f7a9,0.998489,20245_f1b25d43,0.997899,23378_8d6426ae,0.997743,22428_c1ffa51a,0.996832,21300_ec7da33e,0.996128
20387_0d507234,22586_ff3651b2,0.999965,20925_dc64a33a,0.999957,23008_3d1bb7b2,0.999941,21566_ff590631,0.99994,22784_bcace961,0.999936
22862_f5406bb0,23215_08a54de0,0.999973,22227_aca28ff2,0.999969,20436_41b730a3,0.999968,20193_2da4f0a0,0.999943,20671_33532794,0.99994
22890_4ecfa491,20500_e88d8065,0.999331,21744_5ae4d9d5,0.999265,23002_4d53fb3f,0.999204,19566_19d85d3b,0.998634,21153_a2fb81fe,0.998212
21625_d5d4c9a7,20647_cea2e07c,0.999961,20495_e8e7e80c,0.999957,20646_4cd14a72,0.999929,21326_ab4d6c43,0.999923,21588_0c48dc5f,0.999911
22216_4b032400,21831_54ca67d1,0.99998,21248_0a862e3e,0.999975,21840_6847d36c,0.99991,20585_09b72895,0.999844,20680_b095cb77,0.99978
21564_fa5b2db7,22283_36ba29c9,0.999991,22236_db209dff,0.999973,21603_98a15295,0.999868,20438_5f344b00,0.999839,21384_b9774b93,0.999837
21918_976c2754,23493_57512264,0.999107,22980_3cb3bcc8,0.998835,20701_6dcbc975,0.998711,21979_29f59427,0.998396,23041_8d3ea25c,0.997773
21615_f2ecc6e8,21612_e2981dae,1.0,21610_5dcf1187,1.0,21614_5d6afa62,1.0,21619_19435db0,1.0,21613_d57e983a,0.999999
23164_659c91ef,23440_5956321f,0.999992,23239_ba13cf5e,0.999991,22746_920025a0,0.999987,21793_4ad5e2c0,0.999985,22349_6f67a96e,0.999984
21271_ec7f62b8,22762_dcbdd14d,0.999964,23170_6ea8ded5,0.999963,22434_2ad62ed6,0.999959,22561_067b78ae,0.999957,21497_9833a679,0.999953
22746_920025a0,23239_ba13cf5e,0.999998,23439_18900af2,0.999998,22671_fdd1b1e6,0.999992,20801_0796e2ee,0.99999,23184_731e5af0,0.99999
20429_9dd95c38,22026_62afa265,0.999995,22367_b4a67e61,0.999982,20438_5f344b00,0.999927,21448_5646a1b6,0.99987,23438_b1ef78f4,0.999851
20806_ca60b7ae,22154_24342da4,0.999999,20451_557fe5cd,0.999672,20451_84d8b290,0.999672,22129_48b47c52,0.999663,21862_ec534e16,0.999541
23178_eb4b4280,20731_fbdc7731,0.999946,20822_5bb36119,0.999946,21825_ce32b0a0,0.999931,20216_89b90993,0.99993,22508_6bb410af,0.999919
21478_8fbd4409,20990_0a226634,0.99991,21961_1a090a8b,0.999903,22049_4da0d894,0.999859,22050_e8702dd4,0.999842,23178_eb4b4280,0.999784
23511_8651ac1f,22717_08784417,0.985714,21647_6b6cca6f,0.976667,20546_87dbd755,0.973821,22415_658c81dd,0.971939,20745_3e22ad07,0.956969
22372_e91792a1,21503_34f299ca,0.999944,23413_6702ec7f,0.999943,23331_192866b6,0.99991,23028_2ca87745,0.999772,21008_a3fec63b,0.999729
21634_e5e20375,22891_b8c84495,0.999995,23366_cc0bc28e,0.999994,21051_5d118b91,0.999994,20813_726b2714,0.999993,23096_7da0f913,0.999989
22430_c6f08b03,21244_24c3ce72,0.994722,21421_fb12b69b,0.993422,22357_e2f7b060,0.985412,21582_a3d32115,0.983922,21069_508a9947,0.98105
22461_0ba0e480,22232_cb53774e,0.999774,22341_0f9c52ed,0.999706,23323_075a079e,0.999693,22002_315afcfc,0.999678,20688_955aae0c,0.999666
23305_2662b29a,22852_dc1dbed6,0.982352,21592_c5e77a82,0.970164,21423_196855d1,0.969968,21856_f84d9348,0.96987,21426_51651a10,0.943346
23163_7b143a6f,16550_e88d6986,1.0,23250_aa321310,1.0,22178_976d2411,0.999999,23199_75dc1efd,0.999998,21062_c4ed6d45,0.999998
20970_d20c6c35,20758_cdccf572,0.999917,21467_67965037,0.999866,23221_42f37ae3,0.999844,22259_613f9d44,0.999784,21176_b5c72bfb,0.999731
23218_02d26ab4,23244_34b5f55e,0.999991,20940_9777847c,0.999964,23211_3aac9c7e,0.99989,23236_d5867507,0.999864,22043_041e1b7c,0.99981
22987_37973191,22832_731d3b9f,0.999883,21790_aaf9224a,0.999725,20722_90d46353,0.999443,20157_db99ab88,0.998979,20239_49b65a55,0.998907
22147_12995368,20946_6573271d,0.999974,21257_770fee9a,0.999927,20384_767d849a,0.999787,20419_8ce893b6,0.999641,20551_ff28a959,0.999526
21552_4e9c19b1,21816_3891a442,0.999661,20505_017d4cc4,0.999325,20182_71b9e491,0.999297,22778_7d85debd,0.999093,23049_207a41f0,0.998867
21582_a3d32115,22670_9353c710,0.988027,21421_fb12b69b,0.986862,23235_f9ccb8b0,0.984724,22430_c6f08b03,0.983922,23271_f833d903,0.983887
21911_429c1a72,22180_ce7c3bd8,0.99995,19518_f220b68a,0.999888,21015_10304cb9,0.999853,20646_4cd14a72,0.999719,20259_de1ab632,0.999707
20657_913a7675,23252_ef165bed,0.999703,23480_3f7a8d50,0.999538,23045_a8c4e4bc,0.999199,22334_677d00e0,0.998423,23475_b14d1dc8,0.998299
21926_b4c7068b,23376_9b48819a,0.980416,20746_57a7b346,0.976144,21352_d60bc953,0.966858,21859_35124f79,0.964489,20870_dedaef5b,0.962305
22732_cd2af0ac,23239_ba13cf5e,0.999988,23439_18900af2,0.999987,22746_920025a0,0.999984,21690_5d1f3475,0.999981,23164_659c91ef,0.99998
21049_f644930a,21549_18160a0a,0.999777,20628_e0551f7c,0.999774,21837_b67d788c,0.999725,21281_6e562106,0.999714,23213_3df3cb34,0.999692
22345_bc482c26,23238_3c864758,0.999983,23505_161e8ec5,0.99998,23409_e27e3b8b,0.999979,22313_3a8b93dc,0.999964,22074_c0265b0d,0.999959
21697_06656699,23233_ac09e2e5,0.999838,21709_4dd88551,0.999589,22652_dc7405ef,0.999531,23467_9f431540,0.999371,21511_d07c59c2,0.99916
20412_42170125,20810_f6674f2d,0.999995,21785_d595ced5,0.999995,22653_58d6287d,0.999994,21761_fdb5f86d,0.999994,20910_c64b5d1b,0.999994
21845_dff8b3a1,21121_1e9e7540,0.999962,21843_effbd24d,0.999882,23155_d7305c5f,0.99981,21352_c1101acb,0.999789,22893_eb8aa8ac,0.999785
23083_fdb942ac,23313_210c6783,0.999607,22528_f3370a64,0.999451,23379_636204a6,0.999095,23283_fadf3820,0.998936,23026_e6f08109,0.998661
22050_e8702dd4,21176_b5c72bfb,0.999912,22259_613f9d44,0.999859,21467_67965037,0.999852,21478_8fbd4409,0.999842,21825_ce32b0a0,0.999817
21495_ebbbd369,22844_9b75b8e0,0.999999,20838_86c931be,0.999999,20947_115d4058,0.999999,23351_6104d55d,0.999999,21630_316322ff,0.999999
22140_9cda24cc,21810_718ae2fe,0.999972,20989_a261efa3,0.999909,20807_88c198d5,0.999888,22892_68138f24,0.999862,20682_e208cc63,0.99986
23035_6087bb57,20817_ef63b1a7,0.999978,21358_a69a36f3,0.999969,20815_b3d9e6c9,0.999969,21817_945cd3c9,0.999945,23152_6f2706c9,0.999897
21836_5bc91e49,22414_14ead4a3,0.999762,22652_dc7405ef,0.999528,22654_4c426b0f,0.999363,22638_37f9fe91,0.999306,20502_58b65de9,0.999143
21539_cfe1f7fd,22266_078a1f68,0.999889,22228_1c82530b,0.999514,22474_b10fea1a,0.99947,23466_1cf60d09,0.998664,23132_1847c4ef,0.998224
21626_b34008e6,21745_56cbe841,0.999888,22011_0832eefe,0.999739,23176_1bf2a2d5,0.999645,21816_3891a442,0.999502,20141_b9376856,0.999441
21862_ec534e16,22136_a539c50b,0.999999,20451_557fe5cd,0.999988,20451_84d8b290,0.999987,22047_5a090f16,0.999775,20806_ca60b7ae,0.999541
21451_fea6f0d1,20951_2918f2fa,0.999971,20340_86125547,0.999968,20241_8c0d3f83,0.999967,20241_ccb70dc8,0.999967,21422_b2a6bf27,0.99996
20431_27e7f151,23501_6c48b3c1,0.999454,20628_e0551f7c,0.999426,23473_1dfa6e40,0.999423,23121_cbdf3ebc,0.999375,23331_192866b6,0.999265
23493_57512264,22980_3cb3bcc8,0.999872,21918_976c2754,0.999107,22011_0832eefe,0.998754,20319_9f53cd7c,0.998454,22534_e899f645,0.99839
23170_6ea8ded5,22312_3f366a4a,0.999985,21271_ec7f62b8,0.999963,21497_9833a679,0.999929,22434_2ad62ed6,0.999898,22762_dcbdd14d,0.99988
22747_3f6faf4c,20285_b64b1a7e,0.999912,19518_f220b68a,0.999905,22981_93f268ae,0.999865,22180_ce7c3bd8,0.999861,22073_951645ae,0.999842
20925_dc64a33a,22784_bcace961,0.999989,21566_ff590631,0.999978,22586_ff3651b2,0.999972,20387_0d507234,0.999957,23008_3d1bb7b2,0.999904
21603_98a15295,20609_69f28932,0.999973,21384_b9774b93,0.999971,21448_5646a1b6,0.999956,22236_db209dff,0.999906,21564_fa5b2db7,0.999868
23417_9a9e9937,22418_2722dfe8,0.999979,22469_9d87f800,0.999957,21779_b99623fc,0.999938,21390_4d1e2d9c,0.999924,22617_a286f13c,0.999909
21797_69df08d5,23273_8f301ce3,0.999385,20818_098cad7c,0.999162,20959_d4905d19,0.998419,20279_aed6b3b3,0.998371,21805_2ba39d00,0.998088
21991_ab98f156,23053_139f2009,0.994648,23251_3eb3d2e6,0.989212,23495_6366269c,0.988582,22910_97f0cc18,0.988537,20533_0a3e112b,0.9882
23034_b38134ee,22825_f4c18d65,0.999824,23501_6c48b3c1,0.999732,23152_6f2706c9,0.999676,23036_7f9d143f,0.999616,20817_ef63b1a7,0.999524
21612_e2981dae,21615_f2ecc6e8,1.0,21614_5d6afa62,1.0,21610_5dcf1187,1.0,21619_19435db0,1.0,21613_d57e983a,1.0
21785_d595ced5,21761_fdb5f86d,1.0,20810_f6674f2d,0.999999,22653_58d6287d,0.999999,21265_7329c813,0.999999,20741_c337946f,0.999998
21175_85118898,21793_4ad5e2c0,0.999999,22895_4533b542,0.999991,20958_94222947,0.99999,23103_66470b7e,0.999989,20908_10574fbf,0.999982
20163_3742f394,19810_f77c5501,0.999276,21700_28d193ac,0.999226,23041_8d3ea25c,0.999071,21601_360ce1c7,0.998641,21621_711e1918,0.998541
22002_315afcfc,22341_0f9c52ed,0.999952,22776_facf9bcf,0.999937,20141_b9376856,0.999837,23373_f5dac851,0.999819,22461_0ba0e480,0.999678
22162_439af02a,23128_cb135b1b,0.999996,21377_19909a40,0.999995,20743_c8ea8159,0.999981,23366_cc0bc28e,0.999968,21706_adfb2ece,0.999959
21656_964b0c84,20260_4a01a99d,0.998357,21005_9feee615,0.995837,20287_072b5bf6,0.993559,21580_b8b2571b,0.9935,20165_2b088be5,0.990235
23369_447545f6,22074_c0265b0d,0.999992,22895_4533b542,0.999991,20908_10574fbf,0.999981,21175_85118898,0.999975,23238_3c864758,0.999967
20141_b9376856,22776_facf9bcf,0.999912,22002_315afcfc,0.999837,22341_0f9c52ed,0.999714,23373_f5dac851,0.999667,22461_0ba0e480,0.999602
23103_43bde2a6,21665_2e14b6ff,0.999982,20990_0a226634,0.999959,20429_419c4cdd,0.999957,20989_885bd9b9,0.999946,20216_89b90993,0.999944
21384_b9774b93,21448_5646a1b6,0.999982,21603_98a15295,0.999971,20609_69f28932,0.999904,22236_db209dff,0.99986,21564_fa5b2db7,0.999837
20239_49b65a55,21048_75cc125c,0.999701,20440_27177360,0.999645,20157_db99ab88,0.999522,21858_f1409ea2,0.999241,23331_192866b6,0.999126
21424_9d516e3a,21275_c8049742,0.999975,23374_57cca189,0.999948,21706_adfb2ece,0.999929,20743_c8ea8159,0.999929,21600_0027c6fc,0.999916
21551_c6c2d516,22421_19401bdd,0.999745,22894_5f7c276d,0.999648,23101_6aec02ee,0.999589,20421_0fd51709,0.999587,23329_6939d5d9,0.999557
20940_9777847c,23244_34b5f55e,0.999988,23218_02d26ab4,0.999964,23236_d5867507,0.999901,22043_041e1b7c,0.999889,23211_3aac9c7e,0.999775
23451_14c8d09e,22612_28fe0ac2,0.999967,23049_207a41f0,0.999952,20505_017d4cc4,0.999819,20688_955aae0c,0.999685,22778_7d85debd,0.9995
21037_62248d34,22057_4947db57,0.999909,22892_68138f24,0.999894,20682_e208cc63,0.999869,22047_5a090f16,0.999845,22241_535ad84b,0.999828
21817_945cd3c9,21358_a69a36f3,0.999988,20511_e1b972aa,0.999954,23035_6087bb57,0.999945,20329_414757bb,0.999902,22826_199df203,0.999883
23283_fadf3820,22251_88fd728c,0.999863,23379_636204a6,0.999858,23313_210c6783,0.999712,22334_677d00e0,0.999475,23026_e6f08109,0.999437
23323_075a079e,22341_0f9c52ed,0.999772,20232_e5b060d9,0.999732,23245_ccd099b6,0.999707,21528_a5d5490f,0.999703,21912_3f74887c,0.999703
23172_4ab01e83,21794_4d137e7d,0.999966,23213_3df3cb34,0.999957,22710_77324fc2,0.999952,21549_18160a0a,0.999945,20322_daa5c577,0.999932
21762_90d34d16,21580_b8b2571b,0.99731,19051_26735260,0.997051,20287_072b5bf6,0.996547,21809_8bd6b10e,0.995735,20260_4a01a99d,0.993332
22612_28fe0ac2,23451_14c8d09e,0.999967,23049_207a41f0,0.999947,20505_017d4cc4,0.999866,20688_955aae0c,0.999784,22778_7d85debd,0.999659
22535_0ba01cc9,22056_79373464,0.999595,21986_67c5509a,0.999131,22491_a33562ad,0.998311,22199_8ec9eeb2,0.99716,23466_1cf60d09,0.996856
21715_53df62c9,22891_b8c84495,0.999997,20813_726b2714,0.999995,23103_66470b7e,0.999986,21634_e5e20375,0.999985,21573_31a18ad0,0.999985
22283_36ba29c9,21564_fa5b2db7,0.999991,22236_db209dff,0.999948,21825_ce32b0a0,0.999839,20822_5bb36119,0.999827,22508_6bb410af,0.999825
20620_8a5226b4,22576_d05619d1,0.999977,20926_4c0f33f6,0.9994,20225_4ce6d59b,0.999199,21692_777db9e2,0.998934,21490_d07ff9f8,0.998597
20329_414757bb,22826_199df203,0.999976,23476_705b76d1,0.999974,20676_9715ec9c,0.999964,23434_6635ed57,0.999946,20511_e1b972aa,0.99993
22377_d490f505,23265_07de6a0b,0.999946,20495_e8e7e80c,0.999928,23039_b3d04774,0.999922,21469_abec26c4,0.999919,22224_1e749c32,0.999907
22492_047b125b,21741_c6faf98e,0.998305,23204_ff1672a9,0.993202,22076_20e8a107,0.992232,22079_31335df2,0.99059,7778_3a9748b3,0.986438
22402_a62e84b4,22405_20f11d58,0.999914,20668_b2f2633e,0.998806,21739_57582b8f,0.997985,22764_b884dce6,0.997293,21093_1bda9bbe,0.997251
20287_072b5bf6,21762_90d34d16,0.996547,20260_4a01a99d,0.996323,21656_964b0c84,0.993559,21580_b8b2571b,0.993504,20165_2b088be5,0.993326
20810_f6674f2d,21761_fdb5f86d,0.999999,20910_c64b5d1b,0.999999,21785_d595ced5,0.999999,22653_58d6287d,0.999997,21265_7329c813,0.999997
22049_4da0d894,20990_0a226634,0.999914,20989_a261efa3,0.999908,21961_1a090a8b,0.999898,20807_88c198d5,0.999863,21478_8fbd4409,0.999859
20758_cdccf572,20970_d20c6c35,0.999917,23221_42f37ae3,0.999678,21467_67965037,0.999587,22095_af226cbc,0.99955,21176_b5c72bfb,0.999491
22681_124bf3a9,22577_cd96733e,0.999892,23435_e1c96b4d,0.999888,20414_a33bd0d7,0.999887,23354_8182b4eb,0.999869,22066_308cdcfe,0.999868
21690_5d1f3475,23439_18900af2,0.999991,23239_ba13cf5e,0.999989,22349_6f67a96e,0.999987,23021_047d1f8a,0.999983,22746_920025a0,0.999983
20546_87dbd755,21647_6b6cca6f,0.996661,22717_08784417,0.995057,22415_658c81dd,0.987042,20799_213bf924,0.978517,23511_8651ac1f,0.973821
22092_897b0ffa,20989_d1b8b0f8,0.999847,20940_9777847c,0.999748,23244_34b5f55e,0.999704,23218_02d26ab4,0.999685,20232_e5b060d9,0.999663
20991_6795af4f,21300_ec7da33e,0.999341,23377_690165aa,0.999263,23217_7c6062e3,0.999259,22421_19401bdd,0.998934,21134_7aa7cd89,0.998908
23049_207a41f0,23451_14c8d09e,0.999952,22612_28fe0ac2,0.999947,20505_017d4cc4,0.999876,20688_955aae0c,0.999711,22778_7d85debd,0.99963
22533_e7298b05,23144_88ca00a5,0.995922,23195_2629864e,0.991761,21580_b8b2571b,0.989659,21656_964b0c84,0.98581,20260_4a01a99d,0.985118
22638_37f9fe91,22654_4c426b0f,0.999818,22414_14ead4a3,0.99981,21836_5bc91e49,0.999306,20502_58b65de9,0.999274,20758_cdccf572,0.999152
21617_ddd3657b,21613_d57e983a,1.0,21619_19435db0,1.0,21614_5d6afa62,1.0,21612_e2981dae,1.0,21610_5dcf1187,1.0
21858_f1409ea2,20440_27177360,0.999894,21365_ab403591,0.999874,21503_34f299ca,0.999683,23331_192866b6,0.999555,22372_e91792a1,0.999458
21028_d4d30a2e,20319_9f53cd7c,0.99925,22534_e899f645,0.998926,20899_a8d7c6d5,0.998457,23176_1bf2a2d5,0.998397,23493_57512264,0.998244
21541_abc67be6,23130_7417d5b3,0.999161,21091_bbf490e7,0.999079,21153_a2fb81fe,0.998835,23002_4d53fb3f,0.998682,21035_d308c5c4,0.998368
22826_199df203,23476_705b76d1,0.999979,20329_414757bb,0.999976,20322_daa5c577,0.999971,20676_9715ec9c,0.999955,23434_6635ed57,0.99995
22227_aca28ff2,23215_08a54de0,0.999999,20193_2da4f0a0,0.999979,22862_f5406bb0,0.999969,22374_aa5bb54d,0.999965,20341_6a1588fb,0.999965
22902_83870421,22668_9c30f6c0,0.999999,22907_ff18dbd5,0.999999,21806_616e985a,0.999999,21062_c4ed6d45,0.999999,21047_60d69af3,0.999998
21665_2e14b6ff,20429_419c4cdd,0.99999,20807_88c198d5,0.999984,23103_43bde2a6,0.999982,20989_a261efa3,0.999951,20990_0a226634,0.999929
20813_726b2714,22891_b8c84495,0.999999,21051_5d118b91,0.999995,21715_53df62c9,0.999995,21634_e5e20375,0.999993,21573_31a18ad0,0.999985
20429_4c909f3f,20466_4b3e5186,0.999999,20426_79358492,0.999998,20409_dafedec6,0.999997,23199_75dc1efd,0.999996,22839_113f2990,0.999995
23373_f5dac851,22776_facf9bcf,0.999896,22002_315afcfc,0.999819,21009_907a2a95,0.999776,22341_0f9c52ed,0.999675,20141_b9376856,0.999667
21794_4d137e7d,23172_4ab01e83,0.999966,23213_3df3cb34,0.99995,23174_8ef93daf,0.999932,22710_77324fc2,0.999911,23008_3d1bb7b2,0.999901
22065_0d414124,22211_b1ee53f0,0.999074,22306_c3dca308,0.998442,21697_06656699,0.998312,22652_dc7405ef,0.998231,23419_ea47995f,0.997861
22224_1e749c32,22729_232da678,0.999943,21469_abec26c4,0.999941,23341_d5ead6d2,0.999916,20281_a29f9a18,0.999915,22062_2d6b3b72,0.99991
22047_5a090f16,21037_62248d34,0.999845,22241_535ad84b,0.999844,22136_a539c50b,0.999804,21862_ec534e16,0.999775,22057_4947db57,0.999766
20952_b8a54213,21582_a3d32115,0.970028,21236_b696e901,0.963984,21421_fb12b69b,0.956185,22430_c6f08b03,0.942304,21244_24c3ce72,0.942053
21490_d07ff9f8,22706_58a933f4,0.999577,21831_54ca67d1,0.99951,20926_4c0f33f6,0.999499,22399_97987ada,0.999469,23259_d655fcc1,0.999467
23041_8d3ea25c,19810_f77c5501,0.999788,21601_360ce1c7,0.999106,20163_3742f394,0.999071,22980_3cb3bcc8,0.998551,23322_8f85d82d,0.998098
22241_535ad84b,21810_718ae2fe,0.99991,22892_68138f24,0.999859,22047_5a090f16,0.999844,22057_4947db57,0.999837,21037_62248d34,0.999828
23022_86e6a8a0,20838_86c931be,0.999998,23250_aa321310,0.999998,21495_ebbbd369,0.999998,21062_c4ed6d45,0.999998,23351_6104d55d,0.999997
23053_139f2009,21991_ab98f156,0.994648,23495_6366269c,0.991264,23251_3eb3d2e6,0.991135,23161_e7f63a9f,0.985288,20533_0a3e112b,0.984215
23037_d0df320c,22561_067b78ae,0.999971,22983_0ab3faaf,0.999969,22762_dcbdd14d,0.999936,21271_ec7f62b8,0.99993,21186_d1698d8c,0.999921
22416_4cd31921,22893_eb8aa8ac,0.999893,23259_d655fcc1,0.999846,22365_a4eb929c,0.999828,22399_97987ada,0.999824,20680_b095cb77,0.999797
21391_78fc6345,23341_d5ead6d2,0.99998,21469_abec26c4,0.999932,23265_07de6a0b,0.999929,23039_b3d04774,0.999919,20186_f66e4ad3,0.999909
21134_7aa7cd89,23377_690165aa,0.999521,21300_ec7da33e,0.999121,22894_5f7c276d,0.998908,20991_6795af4f,0.998908,22027_11a2e852,0.998861
21700_28d193ac,20163_3742f394,0.999226,21601_360ce1c7,0.998935,21153_a2fb81fe,0.998918,20421_38b63ca5,0.99851,19810_f77c5501,0.998418
